ACE	Top card in a deck
ACT	Part of a play
ADD	Do some summing
ADO	Fuss
AGE	Candles on a cake, often
AGO	In the past
AHA	"I've got it!"
AID	Help
AIL	Feel unwell
AIM	Point at a target
AIR	What we breathe
ALL	Every bit
AND	Plus
ANT	Picnic pest
ANY	Even one
APE	Mimic
APT	Fitting
ARC	Rainbow shape
ARE	"You ___ here" (map words)
ARK	Noah's boat
ARM	Limb with an elbow
ART	Museum display
ASH	Fireplace residue
ASK	Pose a question
ASP	Venomous snake
ATE	Had dinner
AWE	Wonder
AWL	Leather punching tool
AXE	Lumberjack's tool
AYE	Sailor's yes
BAA	Sheep sound
BAD	Not good
BAG	Grocery sack
BAH	"___ humbug!"
BAN	Forbid
BAR	Candy shape
BAT	Baseball stick
BAY	Coastal inlet
BED	Place to sleep
BEE	Honey maker
BEG	Plead
BET	Wager
BIB	Baby's mealtime wear
BID	Auction offer
BIG	Large
BIN	Storage box
BIT	Small piece
BOA	Feathery scarf
BOB	Float up and down
BOG	Swamp
BOO	Ghost's word
BOP	Light tap on the head
BOW	Gift topper
BOX	Carton
BOY	Young lad
BRR	"It's cold!"
BUD	Flower-to-be
BUG	Insect
BUN	Burger holder
BUS	School ride
BUT	However
BUY	Purchase
BYE	"See ya!"
CAB	Taxi
CAN	Soup container
CAP	Bottle top
CAR	Sedan, e.g.
CAT	Purring pet
CAW	Crow's call
COB	Corn core
COD	Fish in fish and chips
COG	Gear tooth
CON	Downside
COO	Pigeon sound
COP	Officer on patrol
COT	Camp bed
COW	Milk source
COY	Bashful
CRY	Shed tears
CUB	Young bear
CUD	What a cow chews
CUE	Actor's signal
CUP	Mug
CUT	Slice
DAB	Small amount of paint
DAD	Pop
DAM	Beaver's project
DAY	24 hours
DEN	Lion's home
DEW	Morning moisture
DID	Performed
DIE	Board game cube
DIG	Use a shovel
DIM	Not bright
DIN	Racket
DIP	Chip go-with
DOE	Female deer
DOG	Fetching pet
DOT	Period
DRY	Not wet
DUB	Give a nickname to
DUD	Failure
DUE	Owed
DUG	Excavated
DUO	Pair
DYE	Hair color product
EAR	Corn unit
EAT	Have a meal
EBB	Recede, as the tide
EEL	Slippery swimmer
EGG	Omelet need
EGO	Self-image
EKE	___ out a living
ELF	Santa's helper
ELK	Antlered animal
ELM	Shade tree
EMU	Flightless bird
END	Finish
EON	Very long time
ERA	Historical period
ERR	Make a mistake
EVE	Night before a holiday
EWE	Female sheep
EYE	Organ of sight
FAD	Passing trend
FAN	Ceiling cooler
FAR	Distant
FAT	Plump
FED	Gave food to
FEE	Charge
FEW	Not many
FIB	Small lie
FIG	Fruit in a cookie
FIN	Shark feature
FIR	Christmas tree type
FIT	In good shape
FIX	Repair
FLU	Winter bug
FLY	Soar
FOE	Enemy
FOG	Misty cloud
FOR	In favor of
FOX	Sly animal
FRO	To and ___
FRY	Cook in oil
FUN	Enjoyment
FUR	Pelt
GAB	Chat
GAG	Joke
GAL	Female friend
GAP	Opening
GAS	Fuel
GEE	"Golly!"
GEL	Hair product
GEM	Jewel
GET	Obtain
GIG	Musician's job
GNU	Wildebeest
GOO	Sticky stuff
GOT	Received
GUM	Chewy treat
GUT	Belly
GUY	Fellow
GYM	Workout place
HAD	Owned
HAH	Laugh syllable
HAM	Easter meat
HAS	Owns
HAT	Head cover
HAY	Horse feed
HEM	Skirt edge
HEN	Egg layer
HER	"That's ___ coat"
HEW	Chop
HEY	"Over here!"
HID	Kept out of sight
HIM	"Tell ___ I said hi"
HIP	Trendy
HIS	Not hers
HIT	Smash success
HMM	"Let me think..."
HOE	Garden tool
HOG	Pig
HOP	Bunny's move
HOT	Spicy
HOW	In what way
HUB	Wheel center
HUE	Shade
HUG	Squeeze
HUH	"What?"
HUM	Sing without words
HUT	Simple shelter
ICE	Frozen water
ICY	Slippery, as roads
ILK	Kind
ILL	Sick
IMP	Mischief maker
INK	Pen fluid
INN	Roadside lodge
ION	Charged particle
IRE	Anger
IRK	Annoy
ITS	Belonging to it
IVY	Climbing plant
JAB	Quick punch
JAM	Toast spread
JAR	Pickle holder
JAW	Chin bone
JAY	Blue bird
JET	Fast plane
JIG	Lively dance
JOB	Work
JOG	Slow run
JOT	Write down quickly
JOY	Delight
JUG	Pitcher
JUT	Stick out
KEG	Small barrel
KEN	Beyond one's ___
KEY	Lock opener
KID	Child
KIN	Family
KIT	First aid ___
KOI	Pond fish
LAB	Science room
LAD	Boy
LAG	Fall behind
LAP	Once around the track
LAW	Rule
LAX	Loose
LAY	Put down
LED	Guided
LEG	Table support
LET	Allow
LID	Pot top
LIE	Fib
LIP	Mouth edge
LIT	Lighted
LOB	High tennis shot
LOG	Fireplace fuel
LOT	Parking area
LOW	Not high
LUG	Carry with effort
LYE	Soap ingredient
MAD	Angry
MAN	Adult male
MAP	Atlas page
MAR	Spoil
MAT	Yoga need
MAW	Animal's mouth
MAY	Spring month
MEN	Guys
MET	Ran into
MEW	Kitten's sound
MID	Central
MIX	Blend
MOB	Crowd
MOM	Ma
MOO	Barnyard sound
MOP	Floor cleaner
MOW	Cut the grass
MUD	Wet dirt
MUG	Coffee cup
MUM	Silent
NAB	Catch
NAG	Pester
NAP	Short sleep
NAY	No vote
NET	Fishing gear
NEW	Fresh
NIB	Pen point
NIL	Zero
NIP	Small bite
NIX	Veto
NOD	Agreeing gesture
NOR	Neither's partner
NOT	In no way
NOW	At once
NUB	Small lump
NUN	Convent resident
NUT	Acorn, e.g.
OAF	Clumsy fellow
OAK	Acorn tree
OAR	Rowing tool
OAT	Granola grain
ODD	Strange
ODE	Poem of praise
OFF	Switched down
OHM	Resistance unit
OIL	Salad dressing ingredient
OLD	Aged
ONE	Single
OOH	Sound of amazement
OPT	Choose
ORB	Sphere
ORE	Mine find
OUR	"Welcome to ___ home"
OUT	Not home
OWE	Be in debt
OWL	Night hooter
OWN	Possess
PAD	Notebook
PAL	Buddy
PAN	Frying ___
PAR	Golf standard
PAT	Gentle tap
PAW	Dog's foot
PAY	Wages
PEA	Pod veggie
PEG	Coat hook
PEN	Writing tool
PEP	Energy
PER	For each
PET	Cat or dog, e.g.
PEW	Church bench
PIE	Apple dessert
PIG	Oinker
PIN	Bowling target
PIP	Seed
PIT	Peach center
PLY	Toilet paper layer
POD	Pea case
POP	Soda
POT	Stew holder
PRO	Expert
PRY	Snoop
PUB	Tavern
PUG	Flat-faced dog
PUN	Wordplay joke
PUP	Young dog
PUT	Place
RAG	Cleaning cloth
RAH	Cheer syllable
RAM	Male sheep
RAN	Sprinted
RAP	Knock
RAT	Rodent
RAW	Uncooked
RAY	Sunbeam
RED	Stop sign color
RIB	Tease
RID	Free (of)
RIG	Big truck
RIM	Edge
RIP	Tear
ROB	Steal from
ROD	Fishing pole
ROE	Fish eggs
ROT	Decay
ROW	Line of seats
RUB	Massage
RUE	Regret
RUG	Floor cover
RUN	Jog
RUT	Routine groove
RYE	Bread grain
SAD	Blue
SAG	Droop
SAP	Tree fluid
SAT	Was seated
SAW	Carpenter's tool
SAX	Jazz horn
SAY	Speak
SEA	Ocean
SEE	Look at
SET	Ready, ___, go!
SEW	Use a needle
SHE	That woman
SHH	"Quiet!"
SHY	Timid
SIP	Small drink
SIR	Polite address
SIS	Brother's sibling
SIT	Take a seat
SIX	Half a dozen
SKI	Glide on snow
SKY	Blue above
SLY	Cunning
SOB	Cry hard
SOD	Turf
SON	Boy child
SOW	Plant seeds
SOY	Tofu source
SPA	Relaxing retreat
SPY	Secret agent
STY	Pig pen
SUB	Hero sandwich
SUE	Take to court
SUM	Total
SUN	Daytime star
TAB	Bar bill
TAD	Little bit
TAG	Playground game
TAN	Beach glow
TAP	Faucet
TAR	Road goo
TAX	April payment
TEA	Earl Grey, e.g.
TEE	Golf peg
TEN	Perfect score
THE	Definite article
TIC	Twitch
TIE	Even score
TIN	Can metal
TIP	Gratuity
TOE	Foot digit
TON	2,000 pounds
TOO	Also
TOP	Spinning toy
TOT	Little kid
TOW	Pull a car
TOY	Plaything
TRY	Attempt
TUB	Bath vessel
TUG	Pull
TUT	"Tsk"
TUX	Formal suit
TWO	Pair
UGH	"Gross!"
URN	Coffee vessel
USE	Employ
VAN	Moving vehicle
VAT	Big tank
VET	Animal doctor
VEX	Annoy
VIA	By way of
VIE	Compete
VIM	Vigor
VOW	Promise
WAD	Lump of gum
WAG	Wiggle, as a tail
WAN	Pale
WAS	Used to be
WAX	Candle material
WAY	Path
WEB	Spider's trap
WED	Marry
WEE	Tiny
WET	Damp
WHO	Owl's question?
WHY	For what reason
WIG	Fake hair
WIN	Victory
WIT	Humor
WOE	Sorrow
WOK	Stir-fry pan
WON	Came in first
WOO	Court
WOW	"Amazing!"
WRY	Dryly humorous
YAK	Shaggy ox
YAM	Sweet potato
YAP	Small dog's bark
YAW	Swerve off course
YAY	"Hooray!"
YEA	Yes vote
YEN	Craving
YEP	Casual yes
YES	Affirmative
YET	So far
YEW	Evergreen shrub
YIP	Puppy sound
YOU	Not me
YUM	"Delicious!"
YUP	"Sure thing"
ZAP	Microwave
ZEE	Last letter
ZIP	Close a jacket
ZOO	Animal park
AFT	Toward the stern
ARF	Dog's bark
EEK	Cry at a mouse
ICK	"Gross!"
OOF	Grunt after a fall
ZAG	Zig's partner
ZIG	Zag's partner
DOC	Physician, informally
BRO	Male sibling, informally
ADS	Commercials
FEZ	Tasseled hat
FOB	Key ___ (car remote)
HIC	Sound of a sudden gulp
NAH	Casual no
BAM	Sound of impact
CAD	Scoundrel
GAD	___ about (roam)
LAM	On the ___ (fleeing)
SAC	Pouch
YOW	"Ouch!"
HEX	Spell
ABLE	Up to the task
ACHE	Dull pain
ACID	Lemon juice quality
ACRE	Farm measure
AGED	Like fine cheese
AIDE	Assistant
AIRY	Light and breezy
AJAR	Slightly open
ALSO	In addition
ALTO	Choir voice
AMID	In the middle of
ANEW	Once more
APEX	Peak
ARCH	Curved doorway
AREA	Region
ARIA	Opera solo
ARID	Very dry
ARMY	Large group
ATOM	Tiny particle
ATOP	On top of
AUNT	Parent's sister
AURA	Glow around someone
AUTO	Car
AVID	Eager
AWAY	Not home
AXIS	Earth spins on it
AXLE	Wheel rod
ALOE	Soothing plant gel
AHOY	Sailor's hello
ALLY	Friend in a fight
ALMS	Charity for the poor
ACNE	Teen skin woe
AMEN	Prayer ender
ANTS	Colony members
ARMS	Hugging limbs
ACTS	Play parts
AGES	A long, long time
BABY	Newborn
BACK	Rear
BAIT	Worm on a hook
BAKE	Make cookies
BALD	Hairless
BALL	Round toy
BAND	Rock group
BANK	Money keeper
BARE	Naked, as trees
BARK	Tree skin
BARN	Farm building
BASE	Foundation
BASH	Big party
BASS	Low voice
BATH	Tub soak
BEAD	Necklace bit
BEAK	Bird's bill
BEAM	Ray of light
BEAN	Coffee unit
BEAR	Grizzly
BEAT	Rhythm
BEEF	Burger meat
BEEN	Has ___ there
BELL	School ringer
BELT	Pants holder
BEND	Curve
BEST	Top-notch
BIKE	Two-wheeler
BILL	Duck's mouth
BIND	Tie up
BIRD	Robin or wren
BITE	Small taste
BLOT	Ink stain
BLUE	Sky color
BLUR	Fuzzy image
BOAR	Wild pig
BOAT	Lake vessel
BODY	Torso and limbs
BOIL	Heat to bubbling
BOLD	Daring
BOLT	Lightning flash
BOND	Close tie
BONE	Dog's treat
BOOK	Novel
BOOT	Cowboy footwear
BORE	Dull person
BORN	Brought into the world
BOSS	Manager
BOTH	The two
BOWL	Cereal dish
BRAN	Muffin grain
BREW	Make coffee
BRIM	Hat edge
BUCK	Male deer
BULB	Lamp part
BULK	Large amount
BULL	Rodeo animal
BUMP	Small bruise
BUNK	Camp bed
BURN	Result of too much sun
BURY	Hide underground
BUSH	Shrub
BUSY	Occupied
BUZZ	Bee's sound
BLAB	Spill secrets
BEET	Red root veggie
BOOM	Loud noise
BAWL	Cry loudly
CAFE	Coffee shop
CAGE	Bird's home
CAKE	Birthday dessert
CALF	Young cow
CALL	Phone
CALM	Peaceful
CAME	Arrived
CAMP	Pitch a tent
CANE	Walking stick
CAPE	Superhero wear
CARD	Greeting ___
CARE	Concern
CART	Shopping ___
CASE	Detective's job
CASH	Bills and coins
CAST	Plaster for a broken arm
CAVE	Bat's home
CELL	Phone, for short
CENT	Penny
CHAT	Talk
CHEF	Head cook
CHEW	Use your molars
CHIN	Face part below the lips
CHIP	Potato snack
CHOP	Cut up
CITE	Quote as a source
CITY	Big town
CLAM	Shellfish
CLAP	Applaud
CLAW	Cat's nail
CLAY	Potter's material
CLIP	Paper holder
CLUB	Golf stick
CLUE	Detective's find
COAL	Lump in a stocking
COAT	Winter jacket
CODE	Secret message
COIL	Spiral
COIN	Quarter, e.g.
COLD	Chilly
COLT	Young horse
COMB	Hair tool
COME	Arrive
CONE	Ice cream holder
COOK	Make dinner
COOL	Chilly
COPE	Manage
COPY	Duplicate
CORD	Rope
CORE	Apple center
CORN	Cob veggie
COST	Price
COZY	Snug
CRAB	Sideways walker
CREW	Ship's staff
CROP	Harvest
CROW	Black bird
CUBE	Ice shape
CUFF	Sleeve end
CURB	Street edge
CURE	Remedy
CURL	Ringlet
CUTE	Adorable
COLA	Fizzy drink
CHAR	Blacken on the grill
CLOD	Lump of dirt
CORK	Bottle stopper
CHOW	Grub
CLOG	Block a drain
COOP	Chicken house
DAMP	Slightly wet
DARE	Challenge
DARK	Unlit
DART	Pub game missile
DASH	Sprint
DATA	Facts and figures
DATE	Calendar entry
DAWN	Sunrise
DEAL	Bargain
DEAR	Letter opener
DECK	Pack of cards
DEED	Act
DEEP	Not shallow
DEER	Forest animal
DENT	Car door ding
DESK	Office table
DIAL	Phone feature
DICE	Game cubes
DIET	Eating plan
DIME	Ten cents
DINE	Eat dinner
DIRT	Soil
DISH	Plate
DIVE	Plunge
DOCK	Boat's parking spot
DOES	Performs
DOLL	Toy figure
DOME	Rounded roof
DONE	Finished
DOOR	Entry
DOSE	Medicine amount
DOTE	Shower with love
DOVE	Peace bird
DOWN	Feather filling
DOZE	Nap
DRAG	Pull along
DRAW	Sketch
DREW	Sketched
DRIP	Leaky faucet sound
DROP	Bead of water
DRUM	Beat it
DUCK	Quacker
DUET	Song for two
DULL	Boring
DUNE	Sand hill
DUSK	Twilight
DUST	Furniture film
DUTY	Obligation
DEMO	Sample recording
DRAB	Dull
DEAN	College official
DIRE	Dreadful
DOER	Go-getter
DOTS	Polka ___
DEFT	Skillful
DIVA	Opera star
EACH	Every
EARN	Make money
EASE	Comfort
EAST	Sunrise direction
EASY	Simple
ECHO	Repeated sound
EDGE	Border
EDIT	Revise
ELSE	Otherwise
EPIC	Grand
EVEN	Level
EVER	At any time
EXAM	Test
EXIT	Way out
ENVY	Jealousy
EMIT	Give off
ETCH	Engrave
EDDY	Swirl of water
EYED	Looked at
EYES	Peepers
ERAS	Historic periods
EARS	Corn units
ENDS	Finishes
EGGS	Breakfast order
FACE	Front of the head
FACT	Truth
FADE	Dim
FAIL	Flunk
FAIR	Just
FAKE	Phony
FALL	Autumn
FAME	Stardom
FARE	Bus fee
FARM	Barn site
FAST	Quick
FATE	Destiny
FAWN	Young deer
FEAR	Fright
FEAT	Accomplishment
FEED	Give food to
FEEL	Touch
FEET	Toes' home
FELL	Tumbled
FELT	Hat fabric
FERN	Shade plant
FILE	Folder
FILL	Top off
FILM	Movie
FIND	Discover
FINE	Okay
FIRE	Flames
FIRM	Solid
FISH	Trout or bass
FIST	Closed hand
FIVE	Fingers on a hand
FLAG	Banner
FLAP	Flutter
FLAT	Level
FLEA	Dog pest
FLED	Ran away
FLEW	Soared
FLIP	Pancake move
FLOP	Failure
FLOW	Stream
FOAM	Latte topping
FOIL	Kitchen wrap
FOLD	Crease
FOLK	Music genre
FOND	Affectionate
FOOD	Grub
FOOL	Silly person
FOOT	Twelve inches
FORK	Utensil with tines
FORM	Shape
FORT	Pillow structure
FOUL	Out of bounds
FOUR	Square's sides
FOWL	Poultry
FREE	No charge
FROG	Pond hopper
FROM	Sent by
FUEL	Gas
FULL	Stuffed
FUME	Seethe
FUND	Savings
FUSS	Commotion
FIZZ	Soda bubbles
FUZZ	Peach coat
FORD	Cross a stream
GAIN	Profit
GALE	Strong wind
GAME	Chess or checkers
GATE	Fence opening
GAVE	Donated
GAZE	Stare
GEAR	Bike part
GERM	Microbe
GIFT	Present
GIRL	Young lady
GIVE	Donate
GLAD	Happy
GLOW	Soft light
GLUE	Craft adhesive
GNAT	Tiny flier
GOAL	Soccer score
GOAT	Bearded farm animal
GOES	Leaves
GOLD	First-place medal
GOLF	Sport with tees
GONE	Departed
GOOD	Fine
GOWN	Formal dress
GRAB	Snatch
GRAY	Overcast
GREW	Got bigger
GRID	Crossword pattern
GRIN	Big smile
GRIP	Firm hold
GROW	Get bigger
GULF	Large bay
GULP	Big swallow
GUST	Burst of wind
GLEE	Joy
GRIT	Courage
GUSH	Pour out
GOOF	Blunder
GLUM	Gloomy
HAIL	Icy rain
HAIR	Locks
HALF	One of two equal parts
HALL	Corridor
HALO	Angel's ring
HALT	Stop
HAND	Palm and fingers
HANG	Dangle
HARD	Difficult
HARE	Fast rabbit
HARM	Damage
HARP	Angel's instrument
HASH	Breakfast potatoes
HAUL	Drag
HAVE	Own
HAWK	Bird of prey
HAZE	Light fog
HAZY	Unclear
HEAD	Noggin
HEAL	Get better
HEAP	Pile
HEAR	Listen
HEAT	Warmth
HEEL	Back of the foot
HELD	Gripped
HELM	Ship's wheel
HELP	Assist
HERB	Basil or dill
HERD	Group of cattle
HERE	Present
HERO	Rescuer
HIDE	Conceal
HIGH	Tall
HIKE	Trail walk
HILL	Small mountain
HINT	Clue
HIRE	Employ
HIVE	Bee home
HOLD	Grip
HOLE	Golf cup
HOME	Where the heart is
HONE	Sharpen
HOOD	Jacket top
HOOK	Fishing gear
HOOP	Basketball rim
HOPE	Wish
HORN	Car honker
HOSE	Garden waterer
HOST	Party giver
HOUR	Sixty minutes
HOWL	Wolf's cry
HUGE	Giant
HULL	Ship's body
HUNT	Search
HURT	Injured
HUSH	Quiet
HYMN	Church song
HOAX	Prank
HUMP	Camel feature
IDEA	Brainstorm
IDLE	Not working
IDOL	Hero
INCH	Ruler unit
INTO	Inside of
IRON	Press clothes
ISLE	Small island
ITCH	Need to scratch
ITEM	Thing on a list
ICON	Desktop picture
ICED	Chilled, as tea
IOTA	Tiny bit
IRIS	Eye part
INKY	Very dark
JAZZ	Music with improv
JEST	Joke
JOKE	Punchline setup
JOLT	Sudden jerk
JUMP	Leap
JUNK	Trash
JURY	Court panel
JUST	Fair
JEER	Taunt
JOIN	Sign up
JAIL	Lockup
JEAN	Denim fabric
KALE	Leafy green
KEEN	Eager
KEEP	Hold on to
KELP	Seaweed
KEPT	Held on to
KICK	Punt
KIND	Nice
KING	Chess piece
KISS	Smooch
KITE	Windy day toy
KNEE	Leg joint
KNEW	Was aware
KNIT	Use needles and yarn
KNOB	Door handle
KNOT	Tangle
KNOW	Understand
KILN	Pottery oven
KIWI	Fuzzy fruit
LACE	Shoe string
LACK	Shortage
LADY	Woman
LAID	Put down
LAKE	Body of water
LAMB	Young sheep
LAMP	Light source
LAND	Touch down
LANE	Bowling alley strip
LAST	Final
LATE	Tardy
LAWN	Grassy yard
LAZY	Idle
LEAD	Guide
LEAF	Tree part
LEAK	Drip
LEAN	Slim
LEAP	Jump
LEFT	Not right
LEND	Loan
LENS	Camera part
LESS	Fewer
LIAR	Fibber
LICK	Lap up
LIFE	Existence
LIFT	Raise
LIKE	Enjoy
LILY	White flower
LIMB	Tree branch
LIME	Green citrus
LIMP	Floppy
LINE	Queue
LINK	Chain part
LION	King of beasts
LIST	To-do ___
LIVE	Not taped
LOAD	Burden
LOAF	Bread unit
LOAN	Bank offer
LOCK	Door secure
LOFT	Attic space
LOGO	Brand symbol
LONE	Solitary
LONG	Lengthy
LOOK	See
LOOP	Circle
LOSE	Misplace
LOSS	Defeat
LOST	Misplaced
LOUD	Noisy
LOVE	Adore
LUCK	Fortune
LUMP	Bump
LUNG	Breathing organ
LURE	Tempt
LUSH	Green and full
LEST	For fear that
LOIN	Cut of pork
LARK	Songbird
LEEK	Onion cousin
MADE	Created
MAIL	Letters
MAIN	Chief
MAKE	Build
MALL	Shopping center
MANE	Lion's hair
MANY	Lots
MARE	Female horse
MARK	Grade
MASK	Halloween wear
MAST	Sail pole
MATE	Partner
MATH	Algebra, e.g.
MAZE	Labyrinth
MEAL	Dinner
MEAN	Unkind
MEAT	Steak or chop
MEEK	Timid
MEET	Greet
MELT	Thaw
MEMO	Office note
MENU	Diner list
MESH	Netting
MESS	Clutter
MICE	Cheese lovers
MILD	Not spicy
MILE	5,280 feet
MILK	Cereal pour
MILL	Grinding place
MIME	Silent performer
MIND	Brain
MINE	Not yours
MINT	Fresh herb
MISS	Fail to hit
MIST	Fine spray
MITT	Baseball glove
MOAT	Castle ditch
MOCK	Tease
MODE	Style
MOLD	Shape
MOLE	Burrowing animal
MONK	Monastery resident
MOOD	Feeling
MOON	Night light
MORE	Extra
MOSS	Forest carpet
MOST	Largest amount
MOTH	Flame flier
MOVE	Relocate
MUCH	A lot
MULE	Pack animal
MUSE	Inspiration
MUST	Have to
MYTH	Legend
MEND	Repair
MOAN	Groan
MATS	Yoga gear
MALT	Shake flavor
NAIL	Hammer target
NAME	Moniker
NAPE	Back of the neck
NAVY	Dark blue
NEAR	Close
NEAT	Tidy
NECK	Giraffe feature
NEED	Require
NEST	Bird's home
NEWS	Headlines
NEXT	Following
NICE	Pleasant
NINE	Cat's lives
NODE	Network point
NONE	Not any
NOON	Midday
NORM	Standard
NOSE	Sniffer
NOTE	Memo
NOUN	Person, place or thing
NEON	Bright sign gas
NERD	Geek
NOOK	Cozy corner
OATH	Pledge
OATS	Horse feed
OBEY	Follow orders
ODOR	Smell
OILY	Greasy
OKAY	Fine
ONCE	One time
ONLY	Sole
ONTO	Aware of
OPEN	Unlock
ORAL	Spoken
OVAL	Egg shape
OVEN	Baking box
OVER	Finished
OWED	In debt
OBOE	Woodwind
OMEN	Sign of things to come
OOZE	Seep
ORCA	Killer whale
ODDS	Chances
OGRE	Fairy tale brute
OPAL	October gem
OWLS	Hooters
OPUS	Great work
PACE	Speed
PACK	Rucksack
PAGE	Book leaf
PAID	Settled up
PAIL	Bucket
PAIN	Ache
PAIR	Two of a kind
PALE	Pasty
PALM	Tropical tree
PANE	Window glass
PANT	Breathe hard
PARK	Playground site
PART	Piece
PASS	Hand off
PAST	History
PATH	Trail
PAVE	Blacktop
PEAK	Summit
PEAR	Fruit shaped like a bell
PEEL	Banana skin
PEEK	Quick look
PEER	Equal
PELT	Animal skin
PERK	Job bonus
PEST	Nuisance
PICK	Choose
PIER	Dock
PILE	Stack
PINE	Evergreen
PINK	Rosy color
PINT	Half a quart
PIPE	Plumbing tube
PITY	Sympathy
PLAN	Scheme
PLAY	Broadway show
PLEA	Appeal
PLOT	Story line
PLOW	Snow clearer
PLUG	Outlet insert
PLUM	Purple fruit
PLUS	Also
POEM	Verse
POET	Verse writer
POLE	Flag holder
POLL	Survey
POND	Duck's home
PONY	Small horse
POOL	Swimming spot
POOR	Needy
PORE	Skin opening
PORK	Bacon source
PORT	Harbor
POSE	Strike a ___
POST	Mail
POUR	Rain hard
PRAY	Say grace
PREP	Get ready
PREY	Hunted animal
PROM	High school dance
PULL	Tug
PUMP	Gas station fixture
PUNT	Fourth down kick
PURE	Clean
PUSH	Shove
PUCK	Hockey disk
PUFF	Cream ___
PUMA	Mountain lion
PECK	Bird's kiss
PLOD	Trudge
PROP	Stage item
QUIT	Stop
QUIZ	Pop test
RACE	Contest of speed
RACK	Coat holder
RAFT	River float
RAGE	Fury
RAIL	Train track
RAIN	Wet weather
RAKE	Leaf gatherer
RAMP	Incline
RANG	Sounded, as a bell
RANK	Status
RARE	Scarce
RASH	Hasty
RATE	Price
READ	Peruse
REAL	Genuine
REAR	Back
REED	Marsh plant
REEF	Coral ridge
REEL	Fishing spool
RELY	Depend
RENT	Lease
REST	Relax
RICE	Sushi grain
RICH	Wealthy
RIDE	Go on horseback
RING	Wedding band
RINK	Skating spot
RIPE	Ready to eat
RISE	Go up
RISK	Gamble
ROAD	Street
ROAM	Wander
ROAR	Lion's sound
ROBE	Bath wear
ROCK	Stone
RODE	Took the bus
ROLE	Part
ROLL	Dinner bread
ROOF	House top
ROOM	Space
ROOT	Plant base
ROPE	Lasso
ROSE	Red flower
ROSY	Pink
RUBY	Red gem
RUDE	Impolite
RUIN	Wreck
RULE	Law
RUNG	Ladder step
RUSH	Hurry
RUST	Old metal coat
REIN	Horse strap
RIND	Melon skin
REDO	Do over
RIFT	Split
ROBIN	Red-breasted bird
SACK	Bag
SAFE	Secure
SAGA	Long tale
SAGE	Wise
SAID	Spoke
SAIL	Boat canvas
SAKE	For goodness ___
SALE	Discount event
SALT	Shaker filler
SAME	Identical
SAND	Beach stuff
SANE	Rational
SANG	Belted out
SANK	Went under
SASH	Pageant ribbon
SAVE	Rescue
SCAN	Look over
SCAR	Healed mark
SEAL	Flippered animal
SEAM	Sewn line
SEAT	Chair
SEED	Plant starter
SEEK	Search
SEEM	Appear
SEEN	Spotted
SELF	Ego
SELL	Vend
SEND	Mail
SENT	Mailed
SHED	Tool house
SHIN	Lower leg
SHIP	Ocean liner
SHOE	Sneaker
SHOP	Store
SHOT	Basketball try
SHOW	Display
SHUT	Closed
SICK	Ill
SIDE	Flank
SIGH	Deep breath
SIGN	Stop ___
SILK	Smooth fabric
SING	Carol
SINK	Kitchen basin
SITE	Location
SIZE	Shoe number
SKID	Slide out of control
SKIM	Read quickly
SKIN	Body covering
SKIP	Hop along
SLAB	Thick slice
SLAM	Shut hard
SLED	Snow rider
SLID	Glided
SLIM	Thin
SLIP	Trip
SLOT	Coin opening
SLOW	Not fast
SLUG	Garden pest
SNAP	Click of the fingers
SNOW	Winter flakes
SOAK	Drench
SOAP	Bar in the shower
SOAR	Fly high
SOCK	Foot warmer
SODA	Fizzy drink
SOFA	Couch
SOFT	Gentle
SOIL	Dirt
SOLD	Bought, from the seller's view
SOLE	Shoe bottom
SOLO	Alone
SOME	A few
SONG	Tune
SOON	Shortly
SORE	Aching
SORT	Organize
SOUL	Spirit
SOUP	Bowl of broth
SOUR	Tart
SPAN	Bridge length
SPIN	Twirl
SPOT	Stain
STAR	Celebrity
STAY	Remain
STEM	Flower stalk
STEP	Stair
STEW	Hearty dish
STIR	Mix
STOP	Halt
SUCH	So
SUIT	Business attire
SUNG	Performed vocally
SURE	Certain
SWAN	Graceful bird
SWAP	Trade
SWIM	Do laps
SNUG	Cozy
SPED	Raced
SPUD	Potato
STUB	Ticket part
SUDS	Soap bubbles
SWAY	Rock gently
SEAS	Oceans
SHOO	"Go away!"
SNIP	Small cut
TACO	Folded tortilla
TAIL	Dog wagger
TAKE	Grab
TALE	Story
TALK	Chat
TALL	High
TAME	Gentle
TANK	Fish home
TAPE	Sticky roll
TART	Sour
TASK	Chore
TEAL	Blue-green
TEAM	Squad
TEAR	Rip
TEEN	Adolescent
TELL	Inform
TEND	Look after
TENT	Camping shelter
TERM	Semester
TEST	Exam
TEXT	Message
THAN	Compared with
THAT	Not this
THAW	Melt
THEM	Those people
THEN	Next
THEY	Those people
THIN	Slim
THIS	Not that
TIDE	Ocean motion
TIDY	Neat
TIED	Even
TIER	Cake layer
TILE	Floor square
TILL	Cash drawer
TILT	Lean
TIME	Clock reading
TINY	Small
TIRE	Wheel cover
TOAD	Warty hopper
TOFU	Soy block
TOGA	Roman robe
TOIL	Labor
TOLD	Informed
TOLL	Bridge fee
TONE	Pitch
TOOK	Grabbed
TOOL	Wrench, e.g.
TORE	Ripped
TORN	Ripped
TOSS	Throw
TOTE	Carry
TOUR	Trip
TOWN	Village
TRAP	Snare
TRAY	Serving dish
TREE	Oak or elm
TRIM	Cut a little
TRIO	Threesome
TRIP	Journey
TRUE	Factual
TUBA	Big brass horn
TUBE	Toothpaste holder
TUCK	Fold in
TUNA	Sandwich fish
TUNE	Melody
TURN	Rotate
TUSK	Elephant feature
TWIG	Small branch
TWIN	Double
TYPE	Kind
TINT	Shade
TROT	Jog
TOUT	Promote
UGLY	Unsightly
UNDO	Reverse
UNIT	Single thing
UPON	On
URGE	Impulse
USED	Secondhand
USER	App person
VASE	Flower holder
VAST	Huge
VEIL	Bride's wear
VEIN	Blood vessel
VERB	Action word
VERY	Really
VEST	Sleeveless jacket
VETO	Reject
VIEW	Sight
VINE	Grape plant
VOTE	Cast a ballot
VOID	Empty
VOLT	Electric unit
WADE	Walk in water
WAGE	Pay
WAIT	Stand by
WAKE	Stir from sleep
WALK	Stroll
WALL	Room side
WAND	Magic stick
WANT	Desire
WARM	Toasty
WARN	Caution
WASH	Clean
WASP	Stinging insect
WAVE	Ocean swell
WAVY	Curvy
WAXY	Like a candle
WEAK	Feeble
WEAR	Have on
WEED	Garden pest
WEEK	Seven days
WELL	Healthy
WENT	Left
WERE	Used to be
WEST	Sunset direction
WHAT	Pardon?
WHEN	At what time
WHIM	Sudden fancy
WIDE	Broad
WIFE	Spouse
WILD	Untamed
WILL	Determination
WILT	Droop
WIND	Breeze
WING	Bird part
WINK	Eye signal
WIPE	Clean off
WIRE	Cable
WISE	Smart
WISH	Hope
WITH	Alongside
WOKE	Got up
WOLF	Pack animal
WOOD	Lumber
WOOL	Sheep coat
WORD	Term
WORE	Had on
WORK	Job
WORM	Fishing bait
WORN	Used
WRAP	Gift cover
WREN	Little songbird
WHIP	Beat cream
YARD	Lawn
YARN	Knitting supply
YAWN	Sleepy sign
YEAR	Twelve months
YELL	Shout
YOGA	Stretch class
YOLK	Egg center
YOUR	Belonging to you
YETI	Abominable snowman
ZANY	Wacky
ZERO	Nothing
ZEST	Lemon peel
ZINC	Metal in pennies
ZONE	Area
ZOOM	Move fast
ABOUT	Roughly
ABOVE	Overhead
ACORN	Oak seed
ACTOR	Stage performer
ADMIT	Confess
ADOPT	Take in, as a pet
ADULT	Grown-up
AFTER	Following
AGAIN	Once more
AGENT	Spy
AGREE	Say yes
AHEAD	In front
AISLE	Path between pews
ALARM	Wake-up call
ALBUM	Photo book
ALERT	Watchful
ALIEN	Visitor from space
ALIKE	Similar
ALIVE	Living
ALLEY	Narrow lane
ALLOW	Permit
ALONE	By oneself
ALONG	Forward
ALOUD	So others can hear
ALTAR	Wedding spot
AMONG	In the midst of
AMPLE	Plenty
ANGEL	Heavenly being
ANGER	Rage
ANGLE	Corner measure
ANGRY	Mad
ANKLE	Foot joint
APART	Separated
APPLE	Teacher's gift
APRON	Cook's cover-up
ARENA	Stadium
ARGUE	Bicker
ARISE	Get up
AROMA	Pleasant smell
ARROW	Archer's shot
ASIDE	Stage remark to the audience
ASSET	Valuable thing
ATLAS	Book of maps
ATTIC	Space under the roof
AVOID	Steer clear of
AWAKE	Not sleeping
AWARD	Prize
AWARE	Informed
AWFUL	Terrible
ADORE	Love
ALTER	Change
AMBER	Yellow-orange
AMUSE	Entertain
AUDIO	Sound
ACRES	Farm land
AROSE	Got up
ATONE	Make amends
ANTSY	Restless
AGILE	Nimble
ALOFT	In the air
BACON	Breakfast strips
BADGE	Sheriff's star
BAGEL	Round bread with a hole
BAKER	Bread maker
BASIC	Simple
BASIN	Sink
BATCH	Group of cookies
BEACH	Sandy shore
BEARD	Chin hair
BEAST	Wild animal
BEGAN	Started
BEGIN	Start
BEING	Creature
BELOW	Under
BENCH	Park seat
BERRY	Small fruit
BIRTH	Start of life
BLACK	Dark color
BLADE	Grass bit
BLAME	Fault
BLAND	Tasteless
BLANK	Empty
BLAST	Explosion of fun
BLAZE	Fire
BLEND	Mix
BLESS	Bestow good on
BLIND	Window cover
BLINK	Quick eye shut
BLISS	Joy
BLOCK	City square
BLOOM	Flower
BLUSH	Turn red
BOARD	Plank
BOAST	Brag
BONUS	Extra
BOOST	Lift
BOOTH	Voting stall
BRAID	Pigtail
BRAIN	Thinker
BRAKE	Stopping pedal
BRAND	Label
BRAVE	Fearless
BREAD	Loaf
BREAK	Recess
BRICK	Building block
BRIDE	Wedding star
BRIEF	Short
BRING	Carry along
BRINK	Edge
BRISK	Chilly and fresh
BROAD	Wide
BROOK	Stream
BROOM	Sweeper
BROTH	Soup base
BROWN	Chocolate color
BRUSH	Paint applier
BUDDY	Pal
BUILD	Construct
BUNCH	Cluster
BURST	Pop
BLURT	Say suddenly
BUGLE	Camp horn
BURNT	Overcooked
BUYER	Shopper
BASIL	Pesto herb
BATON	Relay stick
BELLY	Tummy
BINGO	"Yes, exactly!"
BISON	Buffalo
BLEAT	Goat's cry
BOXER	Pug-faced dog
BRINE	Pickle juice
BROIL	Cook under high heat
BADLY	Poorly
BEIGE	Tan
BLOND	Fair-haired
BLUFF	Fake out
CABIN	Log home
CABLE	Wire
CAMEL	Desert animal
CANDY	Sweets
CANOE	Paddled boat
CARGO	Freight
CAROL	Holiday song
CARRY	Tote
CATCH	Grab
CAUSE	Reason
CEDAR	Fragrant wood
CHAIN	Linked links
CHAIR	Seat
CHALK	Blackboard stick
CHAMP	Winner
CHANT	Repeated cheer
CHARM	Bracelet trinket
CHART	Graph
CHASE	Pursue
CHEAP	Low-priced
CHEAT	Break the rules
CHECK	Bank payment
CHEEK	Face side
CHEER	Root for
CHESS	Game with knights
CHEST	Treasure box
CHICK	Baby bird
CHIEF	Leader
CHILD	Kid
CHILL	Relax
CHIME	Doorbell sound
CHINA	Fine dishes
CHIRP	Bird sound
CHOIR	Church singers
CHORE	Household task
CHOSE	Picked
CIDER	Apple drink
CLAIM	Assert
CLAMP	Woodworking vise
CLASH	Conflict
CLASS	Course
CLEAN	Spotless
CLEAR	Transparent
CLERK	Store worker
CLICK	Mouse action
CLIFF	Steep rock face
CLIMB	Go up
CLING	Hold tight
CLOAK	Cape
CLOCK	Timepiece
CLOSE	Shut
CLOTH	Fabric
CLOUD	Sky puff
CLOWN	Circus joker
COACH	Team leader
COAST	Shore
COCOA	Hot chocolate
COLOR	Red or blue
COMET	Space ice ball
COMIC	Funny person
CORAL	Reef stuff
COUCH	Sofa
COUGH	Hack
COULD	Was able to
COUNT	Tally
COURT	Tennis area
COVER	Lid
CRAFT	Skill
CRANE	Tall bird
CRASH	Collide
CRATE	Wooden box
CRAWL	Creep
CRAZY	Wild
CREAM	Coffee add-in
CREEK	Small stream
CREST	Peak
CRISP	Crunchy
CROSS	Go over
CROWD	Throng
CROWN	Royal headgear
CRUMB	Tiny piece of bread
CRUSH	Squash
CRUST	Pizza edge
CURVE	Bend
CYCLE	Ride a bike
CADET	Military student
CANAL	Waterway
CAPER	Heist, playfully
CHORD	Guitar sound
CLOVE	Garlic piece
CORNY	Hokey
CRANK	Grouch
CREPE	Thin pancake
CROAK	Frog sound
CHAOS	Disorder
CHILI	Spicy stew
CLEAT	Soccer shoe
DAILY	Every day
DAIRY	Milk products
DAISY	White flower
DANCE	Waltz
DEALT	Handed out cards
DEBUT	First show
DECAL	Sticker
DECOR	Interior design
DELAY	Postpone
DENIM	Jeans fabric
DENSE	Thick
DEPTH	Deepness
DIARY	Journal
DINER	Roadside eatery
DIRTY	Grimy
DITCH	Roadside trench
DIVER	Pool jumper
DIZZY	Lightheaded
DODGE	Avoid
DOING	Up to
DONOR	Giver
DOUGH	Bread base
DOZEN	Twelve
DRAFT	Rough version
DRAIN	Sink hole
DRAMA	Theater genre
DRAWN	Sketched
DREAM	Sleep vision
DRESS	Gown
DRIED	Like raisins
DRIFT	Snow pile
DRILL	Power tool
DRINK	Beverage
DRIVE	Take the wheel
DROVE	Took the wheel
DRYER	Laundry machine
DWELL	Reside
DATED	Old-fashioned
DECAY	Rot
DELTA	River mouth
DETER	Discourage
DONUT	Glazed treat
DOWNY	Soft and fluffy
DRANK	Sipped
DRAPE	Curtain
DEUCE	Two in cards
EAGER	Keen
EAGLE	Bald bird
EARLY	Not late
EARTH	Our planet
EASEL	Painter's stand
EATEN	Consumed
EERIE	Spooky
EIGHT	Spider's leg count
ELBOW	Arm joint
ELDER	Older person
ELECT	Choose by ballot
EMPTY	Vacant
ENJOY	Like
ENTER	Come in
ENTRY	Way in
EQUAL	Same
ERASE	Rub out
ERROR	Mistake
ESSAY	School paper
EVENT	Happening
EVERY	Each
EXACT	Precise
EXIST	Be
EXTRA	Bonus
ENACT	Put into law
ELITE	Top tier
EMBER	Glowing coal
EXCEL	Shine
EXILE	Banish
FABLE	Moral story
FAINT	Pass out
FAIRY	Tooth ___
FAITH	Belief
FALSE	Untrue
FANCY	Elegant
FAULT	Blame
FEAST	Big meal
FENCE	Yard border
FERRY	Car boat
FETCH	Play with a dog
FEVER	High temperature
FIBER	Bran benefit
FIELD	Meadow
FIFTH	After fourth
FIFTY	Half a hundred
FINAL	Last
FIRST	Number one
FLAKE	Snow bit
FLAME	Fire
FLASH	Camera light
FLASK	Thermos
FLEET	Group of ships
FLING	Toss
FLINT	Spark stone
FLOAT	Parade vehicle
FLOCK	Group of sheep
FLOOD	Overflow
FLOOR	Ground
FLOUR	Baking staple
FLUID	Liquid
FLUTE	Woodwind
FOCUS	Concentrate
FOGGY	Misty
FORCE	Push
FORGE	Blacksmith's shop
FORTH	Forward
FORTY	Four tens
FORUM	Discussion board
FOUND	Discovered
FRAME	Picture border
FRANK	Honest
FRESH	New
FRIED	Cooked in oil
FRONT	Forward part
FROST	Icy coating
FROWN	Unhappy face
FROZE	Turned to ice
FRUIT	Apple or pear
FUDGE	Chocolate square
FUNNY	Comical
FUZZY	Blurry
FACET	Aspect
FIERY	Hot
FLAIR	Talent
FLORA	Plant life
FOYER	Entryway
FERAL	Wild
GIANT	Huge
GIDDY	Silly with joy
GLASS	Window material
GLAZE	Donut coating
GLEAM	Shine
GLIDE	Soar smoothly
GLOBE	World map ball
GLOOM	Sadness
GLORY	Fame
GLOVE	Mitten's cousin
GOOSE	Honking bird
GRACE	Elegance
GRADE	Report card mark
GRAIN	Wheat or oats
GRAND	Magnificent
GRANT	Give
GRAPE	Vine fruit
GRAPH	Chart
GRASP	Hold
GRASS	Lawn
GRAVY	Turkey topper
GREAT	Terrific
GREED	Selfish want
GREEN	Go color
GREET	Welcome
GRIEF	Sorrow
GRILL	Barbecue
GRIND	Crush
GROAN	Moan
GROOM	Wedding man
GROSS	Yucky
GROUP	Bunch
GROWL	Dog's warning
GROWN	Adult
GUARD	Protector
GUESS	Hunch
GUEST	Visitor
GUIDE	Lead
GUILT	Remorse
GUSTO	Enthusiasm
GAUGE	Measure
GECKO	Small lizard
GENIE	Lamp spirit
GHOST	Spook
GIVEN	Granted
GLARE	Angry stare
GLINT	Sparkle
GOOFY	Silly
GRATE	Shred cheese
GRAZE	Feed on grass
GRIME	Dirt
GAMER	Console enthusiast
GAVEL	Judge's hammer
GLOAT	Brag over a win
HABIT	Routine
HAIRY	Shaggy
HANDY	Useful
HAPPY	Glad
HARSH	Severe
HATCH	Emerge from an egg
HAVEN	Safe place
HEARD	Listened
HEART	Love symbol
HEAVY	Weighty
HEDGE	Shrub row
HELLO	Greeting
HERON	Wading bird
HINGE	Door pivot
HIPPO	River horse
HOBBY	Pastime
HOIST	Lift
HONEY	Bee product
HONOR	Respect
HORSE	Stable animal
HOTEL	Inn
HOUND	Hunting dog
HOUSE	Home
HOVER	Float in the air
HUMAN	Person
HUMID	Muggy
HUMOR	Comedy
HURRY	Rush
HASTE	Speed
HAZEL	Greenish brown
HENCE	Therefore
HIKER	Trail walker
HOARD	Stockpile
HEAVE	Lift with effort
HEFTY	Heavy
IDEAL	Perfect
IMAGE	Picture
INDEX	Back-of-book list
INNER	Inside
INPUT	Feedback
IRATE	Furious
IRONY	Unexpected twist
ISSUE	Magazine edition
IVORY	Off-white
ICING	Cake frosting
IDIOM	Turn of phrase
IGLOO	Snow house
INLET	Small bay
INERT	Not moving
INFER	Deduce
JEANS	Denim pants
JELLY	Toast topper
JEWEL	Gem
JOLLY	Merry
JUDGE	Court official
JUICE	Orange drink
JUICY	Full of flavor
JUMBO	Extra large
JOKER	Wild card
JAUNT	Short trip
KAYAK	Paddle boat
KNACK	Talent
KNEAD	Work dough
KNEEL	Get down for a proposal
KNIFE	Butter spreader
KNOCK	Rap on a door
KNOWN	Famous
KOALA	Eucalyptus eater
KNELT	Bowed down low
LABEL	Tag
LADLE	Soup spoon
LARGE	Big
LASER	Light beam
LATCH	Gate fastener
LATER	Afterward
LAUGH	Chuckle
LAYER	Cake tier
LEARN	Study
LEASE	Rental contract
LEASH	Dog walking cord
LEAST	Smallest amount
LEAVE	Depart
LEDGE	Window shelf
LEMON	Sour fruit
LEVEL	Even
LEVER	Pull handle
LIGHT	Lamp glow
LILAC	Purple bloom
LIMIT	Cap
LINEN	Sheets and towels
LINER	Ocean ship
LIVER	Organ
LLAMA	Andes animal
LOBBY	Hotel entrance
LOCAL	Nearby
LODGE	Ski cabin
LOFTY	High
LOGIC	Reasoning
LOOSE	Not tight
LOWER	Let down
LOYAL	Faithful
LUCKY	Fortunate
LUNAR	Of the moon
LUNCH	Midday meal
LYRIC	Song line
LEAFY	Like spinach
LEAKY	Dripping
LEMUR	Ring-tailed primate
LINGO	Jargon
LITHE	Graceful
LUNGE	Sudden lurch
MAGIC	Wizardry
MAJOR	Important
MAKER	Creator
MANGO	Tropical fruit
MANOR	Mansion
MAPLE	Syrup tree
MARCH	Parade step
MARSH	Wetland
MATCH	Fire starter
MAYBE	Possibly
MAYOR	City leader
MEDAL	Olympic prize
MELON	Cantaloupe
MERCY	Kindness
MERGE	Combine
MERIT	Worth
MERRY	Jolly
METAL	Iron or tin
METER	Parking ___
MIGHT	Strength
MINOR	Small
MINUS	Less
MIRTH	Laughter
MISTY	Foggy
MIXER	Cake batter tool
MODEL	Runway walker
MOIST	Damp
MONEY	Cash
MONTH	Calendar page
MORAL	Fable lesson
MOTEL	Roadside inn
MOTOR	Engine
MOTTO	Slogan
MOUND	Pitcher's spot
MOUNT	Climb
MOUSE	Computer clicker
MOUTH	Lips and teeth spot
MOVIE	Film
MUDDY	Grimy
MUSIC	Tunes
MEANT	Intended
MEDIA	Press
MIMIC	Copycat
MINCE	Chop finely
MOOSE	Antlered giant
MOVER	Relocation pro
MOCHA	Coffee flavor
MANIA	Craze
NASTY	Mean
NERVE	Courage
NEVER	Not once
NEWLY	Recently
NIECE	Sibling's daughter
NIGHT	Dark hours
NOBLE	Honorable
NOISE	Racket
NOISY	Loud
NORTH	Compass point
NOTCH	Small cut
NOTED	Famous
NOVEL	Book
NURSE	Hospital helper
NUTTY	Crazy
NEEDY	Poor
NIFTY	Cool
NERDY	Geeky
OCEAN	Sea
OFFER	Bid
OFTEN	Frequently
OLIVE	Pizza topping
ONION	Tearjerker veggie
OPERA	Sung drama
ORBIT	Path around a planet
ORDER	Command
OTHER	Different
OTTER	Playful swimmer
OUGHT	Should
OUNCE	Small weight
OUTER	External
OWNER	Proprietor
OASIS	Desert spring
OLDER	More aged
ONSET	Start
OZONE	Air layer
ORGAN	Church instrument
PAINT	Brush on color
PANEL	Discussion group
PANIC	Freak out
PAPER	Notebook sheet
PARTY	Celebration
PASTA	Spaghetti
PASTE	Glue
PATCH	Garden plot
PAUSE	Brief stop
PEACE	Calm
PEACH	Fuzzy fruit
PEARL	Oyster gem
PECAN	Pie nut
PEDAL	Bike part
PENNY	One cent
PERCH	Bird's rest
PHONE	Call device
PHOTO	Snapshot
PIANO	Keyboard instrument
PIECE	Part
PILOT	Plane flier
PINCH	Tiny amount
PIZZA	Pie with pepperoni
PLACE	Spot
PLAIN	Simple
PLANE	Jet
PLANT	Fern, e.g.
PLATE	Dinner dish
PLAZA	Town square
PLEAD	Beg
PLUME	Feather
PLUSH	Luxurious
POINT	Tip
POLAR	Arctic
PORCH	Front deck
POUCH	Kangaroo pocket
POUND	Sixteen ounces
POWER	Strength
PRESS	Push
PRICE	Cost
PRIDE	Lion group
PRIME	Best
PRINT	Type out
PRIOR	Earlier
PRIZE	Award
PROOF	Evidence
PROUD	Pleased
PROVE	Show to be true
PULSE	Heartbeat
PUNCH	Party drink
PUPIL	Student
PUPPY	Young dog
PURSE	Handbag
PATIO	Backyard deck
PETAL	Flower part
PIXEL	Screen dot
PLAID	Tartan pattern
PLANK	Board
PLEAT	Skirt fold
POLKA	___ dot
PRANK	Practical joke
PRAWN	Big shrimp
PRONE	Lying face down
PROSE	Writing
PRUNE	Dried plum
PIOUS	Devout
PLUMP	Chubby
POSSE	Group of friends
PRIES	Snoops
PSALM	Sacred song
QUACK	Duck's call
QUAKE	Tremble
QUART	Two pints
QUEEN	Chess piece
QUERY	Question
QUEST	Search
QUICK	Fast
QUIET	Silent
QUILT	Patchwork blanket
QUIRK	Odd habit
QUOTA	Allotted amount
QUOTE	Cite
RADAR	Blip detector
RADIO	Car stereo
RAINY	Wet
RAISE	Lift
RALLY	Comeback
RANCH	Cattle farm
RANGE	Stove
RAPID	Fast
RATIO	Proportion
RAVEN	Black bird
RAZOR	Shaver
REACH	Stretch for
REACT	Respond
READY	Prepared
REALM	Kingdom
RELAX	Unwind
RELAY	Baton race
REPLY	Answer
RIDER	Horseback person
RIDGE	Mountain crest
RIGHT	Correct
RINSE	Wash off
RISEN	Like baked bread
RISKY	Dangerous
RIVAL	Competitor
RIVER	Flowing water
ROAST	Sunday dinner
ROBOT	Machine helper
ROCKY	Bumpy
ROUGH	Coarse
ROUND	Circular
ROUTE	Path
ROYAL	Regal
RULER	Measuring stick
RURAL	Country
RUSTY	Out of practice
REIGN	Rule
RESIN	Sticky sap
RETRO	Old-school
RHINO	Horned beast
RHYME	Cat and hat, e.g.
ROOST	Chicken's perch
ROUSE	Wake
RECAP	Summary
RERUN	Repeat episode
RESET	Start over
RAVEL	Tangle
REBEL	Defier
RELIC	Ancient object
REPAY	Pay back
RIPEN	Mature, as fruit
RIVET	Metal pin
ROGUE	Rascal
SADLY	Unhappily
SAINT	Very good person
SALAD	Caesar dish
SALON	Hair place
SALSA	Chip dip
SANDY	Like a beach
SAUCE	Pasta topper
SCALE	Bathroom weigher
SCARE	Frighten
SCARF	Neck warmer
SCENE	Movie part
SCENT	Fragrance
SCOOP	Ice cream serving
SCORE	Final tally
SCOUT	Explore ahead
SCRAP	Leftover bit
SCRUB	Clean hard
SEDAN	Four-door car
SENSE	Smell or taste
SERVE	Tennis start
SEVEN	Days in a week
SHADE	Cool spot under a tree
SHAKE	Milk drink
SHALL	Will
SHAPE	Form
SHARE	Divide up
SHARK	Toothy swimmer
SHARP	Pointy
SHEEP	Wool source
SHEET	Bed cover
SHELF	Book holder
SHELL	Beach find
SHIFT	Work period
SHINE	Glow
SHINY	Glossy
SHIRT	Top
SHOCK	Surprise
SHORE	Coast
SHORT	Not tall
SHOUT	Yell
SHOWN	Displayed
SIGHT	Vision
SILLY	Goofy
SINCE	From then on
SIREN	Ambulance sound
SKATE	Glide on ice
SKILL	Talent
SKIRT	Dress bottom
SKUNK	Smelly critter
SLATE	Chalkboard rock
SLEEP	Snooze
SLEET	Icy rain
SLICE	Pizza piece
SLIDE	Playground ride
SLOPE	Ski hill
SMALL	Tiny
SMART	Clever
SMELL	Sniff
SMILE	Grin
SMOKE	Chimney cloud
SNACK	Light bite
SNAIL	Slow crawler
SNAKE	Slithery reptile
SNEAK	Tiptoe
SNORE	Sleep noise
SOLAR	Sun-powered
SOLID	Firm
SOLVE	Figure out
SORRY	Apologetic
SOUND	Noise
SOUTH	Compass point
SPACE	Final frontier
SPARE	Extra
SPARK	Fire starter
SPEAK	Talk
SPEED	Velocity
SPELL	Wizard's charm
SPEND	Pay out
SPICE	Cinnamon, e.g.
SPICY	Hot
SPILL	Knock over
SPINE	Backbone
SPOON	Soup utensil
SPORT	Game
SPRAY	Mist
SQUAD	Team
STACK	Pile
STAFF	Employees
STAGE	Theater platform
STAIR	Step
STAKE	Tent peg
STALE	Not fresh
STALL	Booth at a market
STAMP	Postage
STAND	Rise
STARE	Gaze
START	Begin
STATE	Say
STEAK	Grilled beef
STEAM	Kettle vapor
STEEL	Strong metal
STEEP	Like a cliff
STEER	Drive
STICK	Twig
STIFF	Rigid
STILL	Motionless
STING	Bee's attack
STOCK	Inventory
STONE	Rock
STOOD	Was upright
STOOL	Bar seat
STORE	Shop
STORM	Thunder and rain
STORY	Tale
STOVE	Cooking range
STRAW	Drinking tube
STRIP	Thin piece
STUCK	Jammed
STUDY	Learn
STUFF	Things
STUMP	Tree base
STYLE	Fashion
SUGAR	Sweetener
SUNNY	Bright
SUPER	Great
SURGE	Rush
SWAMP	Bog
SWEAT	Perspire
SWEEP	Broom action
SWEET	Sugary
SWIFT	Quick
SWING	Playground seat
SWIRL	Spiral
SALTY	Like chips
SATIN	Shiny fabric
SAVOR	Enjoy slowly
SCONE	Tea pastry
SHEAR	Clip wool
SHRUB	Bush
SIEVE	Strainer
SLANT	Tilt
SLEEK	Smooth
SLEPT	Napped
SLING	Arm support
SLOTH	Slow tree dweller
SMEAR	Smudge
SMIRK	Smug grin
SNARE	Trap
SNOWY	Wintry
SOAPY	Sudsy
SONIC	Of sound
SPADE	Garden shovel
SPENT	Exhausted
SPIRE	Church steeple
SPOIL	Pamper
SPOKE	Wheel rod
SPRIG	Small twig
SPURT	Squirt
STAIN	Spot
STALK	Celery piece
STARK	Bare
STERN	Strict
STOLE	Fur wrap
STOMP	Stamp feet
STRAY	Wander off
STRUT	Swagger
SUITE	Hotel rooms
SAUNA	Steam room
SCALP	Head skin
SCARY	Spooky
SCOLD	Reprimand
SCOUR	Scrub
SCREW	Hardware item
SEIZE	Grab
SHACK	Hut
SHAME	Embarrassment
SHAWL	Wrap
SHEER	Transparent
SHONE	Glowed
SHOOK	Trembled
SHOVE	Push
SHRUG	"Who knows?" gesture
SINGE	Burn slightly
SIXTY	Minutes in an hour
SKIER	Slope rider
SLOSH	Splash around
SLUMP	Slouch
SNIFF	Short inhale
SNOOP	Pry
SNORT	Pig sound
SOGGY	Wet through
SPOOK	Ghost
SPOOL	Thread holder
STEAD	In one's ___ (as a replacement)
STEED	Horse
STINK	Bad smell
STOIC	Unemotional
SWATH	Wide strip
SWEPT	Used a broom
SWOOP	Dive down
TABLE	Dining furniture
TACKY	Gaudy
TAKEN	Occupied
TALON	Eagle's claw
TANGO	Ballroom dance
TASTE	Flavor
TASTY	Delicious
TEACH	Instruct
TEETH	Molars and such
TEMPO	Beat speed
TENOR	High male voice
TENSE	Nervous
TENTH	After ninth
THANK	Show gratitude to
THEIR	Belonging to them
THEME	Main idea
THERE	In that place
THESE	Not those
THICK	Dense
THIEF	Robber
THING	Object
THINK	Ponder
THIRD	Bronze medal place
THORN	Rose prickle
THOSE	Not these
THREE	Trio number
THREW	Tossed
THROW	Toss
THUMB	Hitchhiker's digit
TIARA	Crown for a princess
TIDAL	Of the ocean's rise and fall
TIGER	Striped cat
TIGHT	Snug
TIMER	Kitchen clock
TIRED	Sleepy
TITLE	Book name
TOAST	Breakfast bread
TODAY	This day
TOKEN	Arcade coin
TOOTH	Molar
TOPIC	Subject
TORCH	Flashlight
TOTAL	Sum
TOUCH	Feel
TOUGH	Hard
TOWEL	Beach cloth
TOWER	Tall building
TRACE	Outline
TRACK	Running oval
TRADE	Swap
TRAIL	Hiking path
TRAIN	Railway ride
TRAIT	Characteristic
TREAT	Snack reward
TREND	Fad
TRIAL	Court case
TRIBE	Clan
TRICK	Magic act
TRIED	Attempted
TROOP	Scout group
TRUCK	Pickup
TRULY	Sincerely
TRUNK	Elephant's nose
TRUST	Faith
TRUTH	Fact
TULIP	Spring bulb flower
TUTOR	Private teacher
TWICE	Two times
TWIST	Turn
TEPID	Lukewarm
TERSE	Curt
THYME	Kitchen herb
TIMID	Shy
TROUT	Stream fish
TANGY	Zesty
TAUNT	Tease
TEASE	Kid
TENET	Principle
THIGH	Upper leg
TOPAZ	November gem
TRAMP	Hike heavily
TREAD	Tire grip
TROLL	Bridge dweller in tales
TRUCE	Ceasefire
TUNIC	Long shirt
TWEED	Wool fabric
TWIRL	Spin
UNCLE	Parent's brother
UNDER	Below
UNFIT	Out of shape
UNION	Joining
UNITE	Join together
UNITY	Togetherness
UNTIL	Up to
UPPER	Top
UPSET	Unhappy
URBAN	Citylike
USUAL	Normal
UTTER	Say
UDDER	Cow part
USHER	Theater guide
ULCER	Stomach sore
UNZIP	Open a jacket
VALID	Legit
VALUE	Worth
VAPOR	Mist
VAULT	Bank safe
VENUE	Event site
VERSE	Stanza
VIDEO	Clip
VIGOR	Energy
VINYL	Record material
VIOLA	Alto string instrument
VISIT	Drop by
VITAL	Essential
VIVID	Bright
VOCAL	Outspoken
VOICE	Speaking sound
VOTER	Ballot caster
VOWEL	A, E, I, O or U
VALET	Car parker
VIPER	Venomous snake
VERGE	Brink
VOUCH	Give assurance
WAGON	Covered cart
WAIST	Belt line
WATCH	Timepiece on a wrist
WATER	H2O
WEARY	Tired
WEAVE	Make cloth
WEDGE	Cheese slice
WEIGH	Measure heft
WEIRD	Strange
WHALE	Huge sea mammal
WHEAT	Bread grain
WHEEL	Car part
WHERE	At what place
WHICH	What one
WHILE	During
WHISK	Egg beater
WHITE	Snow color
WHOLE	Entire
WHOSE	Of whom
WIDEN	Broaden
WIDTH	Breadth
WINDY	Breezy
WITCH	Broom rider
WOMAN	Lady
WORLD	Earth
WORRY	Fret
WORSE	Less good
WORST	Least good
WORTH	Value
WOULD	Was willing to
WOVEN	Like a basket
WRECK	Ruin
WRIST	Watch spot
WRITE	Pen a letter
WRONG	Incorrect
WROTE	Penned
WAFER	Thin cookie
WAIVE	Give up
WALTZ	Ballroom dance in 3/4
WHIRL	Spin
WISER	More sage
WITTY	Clever
WORDY	Long-winded
WAGER	Bet
YACHT	Luxury boat
YEARN	Long
YEAST	Bread riser
YIELD	Give way
YOUNG	Youthful
YOUTH	Teen years
YODEL	Alpine song
YUMMY	Delicious
ZEBRA	Striped animal
ZESTY	Tangy
EARNS	Makes money
EATER	Diner
EASED	Relaxed
TEARS	Rips
RATES	Prices
ASTER	Daisy-like flower
CRIED	Wept
CARED	Showed concern
CORED	Like a prepared apple
DINED	Ate out
DOSED	Medicated
ERODE	Wear away
IRONS	Presses clothes
LEANT	Tilted
LINED	Ruled, as paper
NOTES	Memos
OILED	Lubricated
RATED	Ranked
RINDS	Peels
ROLES	Parts in plays
SATED	Full
TALES	Stories
TILED	Like a bathroom floor
TONED	Fit
TRIES	Attempts
