ACCENT	Southern drawl, e.g.
ACCORDION	Instrument that gets squeezed?
ACCOUNTANT	Pro whose busiest season is spring?
ACOUSTIC	Unplugged, as a guitar
ACROBAT	Tumbling circus performer
ADJECTIVE	"Blue" or "tall", grammatically
ADMIRATION	High regard
ADVERB	"Quickly" or "very", for one
AFFECTION	Fondness
AGREEMENT	Deal
AIRPLANE	Paper ___ (folded toy)
AIRPORT	Hub with runways and gates
ALGEBRA	Class where you solve for x
ALGORITHM	Step-by-step recipe for a computer
ALLERGY	Reason for sneezing at pollen
ALLIGATOR	Florida swamp reptile
ALLOWANCE	Weekly money for doing chores
ALPHABET	A to Z, in a sense
AMBITIOUS	Eager to climb the ladder?
AMBULANCE	Vehicle with sirens and stretchers
ANCESTOR	Great-great-grandparent, e.g.
ANCIENT	Very, very old
ANGLER	Person with a rod and reel
ANIMATION	Art of making drawings move
ANNIVERSARY	Yearly date to celebrate a marriage
ANSWER	"Final ___?" (quiz show query)
ANTELOPE	Swift horned grazer of the savanna
ANTHEM	Song sung before a ballgame
ANTIBIOTIC	Penicillin, for one
ANTIQUE	Collectible from long ago
ANTONYM	"Hot" for "cold", e.g.
ANXIOUS	Full of worry
APARTMENT	Rented unit in a building
APOSTROPHE	Mark in "don't"
APPLAUSE	Sound of many hands clapping
APPLEPIE	As American as ___
APPOINTMENT	Calendar entry with a time
ARCHAEOLOGY	Study of ancient digs
ARCHERY	Sport of bows and arrows
ARCHIPELAGO	Chain of islands
ARCHITECT	Designer of buildings
ARMCHAIR	Seat with side rests
ARTERY	Blood vessel leading away from the heart
ARTIFACT	Museum find from a dig
ARTISAN	Skilled craftsperson
ASSIGNMENT	Task from a teacher
ASTEROID	Rocky body orbiting the sun
ASTRONAUT	Space traveler
ASTRONOMER	Stargazer by trade
ASTRONOMY	Stargazing science
ASTUTE	Shrewd
ATHLETE	Sports competitor
ATLANTIS	Lost island of legend
ATMOSPHERE	Mood, or what Earth wears?
ATTENTION	"May I have your ___, please?"
ATTITUDE	"___ adjustment"
ATTORNEY	"Power of ___" (legal authority)
AUDITION	Tryout for a role
AUTHOR	Writer of a book
AUTUMN	Season of falling leaves
AVOCADO	Guacamole base
BABYSITTER	Teen paid to watch the kids
BACKBONE	Spine, or courage
BACKGAMMON	Ancient board game with dice
BACKPACK	Student's book bag
BACKSTAGE	Behind the scenes
BADMINTON	Game with a shuttlecock
BAKERY	Place where loafing is encouraged?
BALCONY	Upper seating in a theater
BALLET	Dance form performed en pointe
BALLOON	Party decoration filled with helium
BANDAGE	Wrap for a wound
BARBECUE	Backyard cookout
BARBER	Shop owner who takes a little off the top?
BARGAIN	Steal that's perfectly legal?
BARISTA	Coffee bar pro
BARNACLE	Hitchhiker on a ship's hull?
BAROMETER	Air pressure gauge
BARTENDER	Pro who mixes drinks
BASEBALL	Game with innings and pitchers
BASEMENT	Lowest floor of a house
BASKETBALL	Game of hoops
BATHROBE	Terry cloth wrap after a shower
BATHROOM	Place with a tub and a sink
BATTERY	Power source that might be dead?
BEANSTALK	Jack's climb to the giant's home
BEAVER	Busy builder of the riverbank?
BEDTIMESTORY	Tale read before lights out
BEETLE	Insect with hard wing covers
BESTSELLER	Book on top of the charts
BICYCLE	Two-wheeler with pedals
BINOCULARS	Birder's glasses
BIRDWATCHER	Birder
BIRTHDAY	"Happy ___ to you!"
BISCUIT	Flaky bread served with sausage gravy
BLACKHOLE	Region where not even light escapes
BLANKET	Cozy bed layer for chilly nights
BLENDER	Smoothie maker
BLOCKBUSTER	Huge movie hit
BLOUSE	Woman's button-up top
BLUEBERRY	Small fruit often baked into muffins
BLUEPRINT	Detailed building plan
BOARDINGPASS	Document scanned at the gate
BONFIRE	Big outdoor blaze
BOOKSHELF	Home for paperbacks
BOOKSTORE	Shop for novels
BOOKWORM	Reader who never wriggles?
BOXOFFICE	Window where seats are sold
BRACELET	Wrist jewelry
BRAINSTORM	Weather event in a meeting room?
BREAKALEG	Good luck, in theater-speak
BREAKFAST	___ in bed
BRIEFCASE	Commuter's document carrier
BROCCOLI	Green veggie that looks like little trees
BROWSER	App for surfing the web
BUDGET	Plan that makes cents?
BULLSEYE	Animal part every archer aims for?
BUTCHER	Meat counter pro
BUTTER	Bread and ___
BUTTERFLY	Social ___ (party mingler)
CACTUS	Desert plant you shouldn't hug?
CADENCE	Rhythmic flow of speech or music
CALCULATOR	Machine you can count on?
CALCULUS	Math of rates and areas
CALENDAR	It has its days numbered?
CAMPER	Person who's in tents?
CAMPFIRE	Ring-of-stones blaze in the woods
CAMPGROUND	Park area with tent sites
CAMPOUT	Night under the stars with tents
CAMPSITE	Spot to pitch a tent
CANDID	Frank and outspoken
CANDLE	One is added to the cake each year
CANTEEN	Hiker's water bottle
CANVAS	Blank ___ (fresh start)
CANYON	Deep gorge carved by a river
CARAMEL	Chewy burnt-sugar candy
CARBON	Element in both diamonds and pencil lead
CARDIGAN	Button-front knit layer
CARDINAL	Red songbird, or a church official
CAREER	"___ fair" (job event)
CARNATION	Popular boutonniere flower
CARNIVAL	Fair with rides and games
CAROUSEL	Merry-go-round
CARPENTER	Woodworker
CARPET	Wall-to-wall floor covering
CARROT	___ cake with cream cheese topping
CASHIER	Person who checks you out at the store?
CASHREGISTER	Drawer that rings up sales
CASSEROLE	Baked dish brought to potlucks
CASTLE	Rook, to some chess players?
CATALYST	Substance that speeds up a reaction
CATERPILLAR	Future butterfly
CELEBRATION	Festive occasion
CELLAR	Underground room for wine or storage
CENTAUR	Half-man, half-horse of myth
CENTURY	One hundred years
CEREAL	Breakfast poured from a box
CHARADES	Acting-out guessing game
CHARCOAL	Drawing stick, or grill fuel
CHATTER	Teeth do it when you're cold?
CHECKERS	Board game of red and black jumping pieces
CHECKMATE	Winning move in chess
CHECKOUT	Lane with no passing allowed?
CHEERFUL	Sunny in disposition
CHEESE	"Say ___!" (photo request)
CHEESECAKE	Creamy dessert with a graham crust
CHEETAH	Speedster that's spotted on the savanna?
CHEMISTRY	Lab science of reactions, or a spark between two people
CHESTNUT	Old ___ (tired joke)
CHOCOLATE	Cocoa treat
CHORUS	Greek ___
CHRONICLE	Historical record
CINEMA	Movie house
CINNAMON	Spice in apple pie and sticky buns
CIRCLE	Shape that never cuts corners?
CIRCUIT	Short ___
CIRCUS	Big top show
CITIZEN	Member of a nation
CITYHALL	You can't fight it, per the saying
CIVILIZATION	Advanced society
CLARINET	Single-reed woodwind
CLASSIC	___ rock
CLASSMATE	Fellow student
CLASSROOM	Place with desks and a whiteboard
CLEARANCE	Sale that makes room?
CLEVER	Quick-witted
CLIFFHANGER	Ending that leaves you dangling?
CLIMATE	Long-term weather pattern of a region
CLOSET	Place for hangers and skeletons?
COASTLINE	Edge of a continent
COLANDER	Bowl that can't hold water?
COLDFEET	Wedding-day chill?
COLLARBONE	Clavicle
COLLEAGUE	Fellow staff member
COMEDY	Romantic ___
COMMUNITY	"___ garden"
COMPASS	Moral ___
COMPOSER	Writer of symphonies
COMPOST	Pile of kitchen scraps that feeds a garden
COMPOUND	Substance made of two or more elements
COMPUTER	Desktop or laptop
CONCERT	Live music performance
CONDENSATION	Droplets on a cold glass
CONDUCTOR	Leader who faces away from the audience?
CONFERENCE	Large professional gathering
CONFETTI	Things tossed in the air at a party
CONFIDENT	Self-assured
CONSCIENCE	Inner voice of right and wrong
CONSONANT	B or C, but not A
CONTINENT	Asia or Africa
CONTRACT	Signed agreement
CONVERSATION	Chat
CONVERTIBLE	Car that blows its top?
COTTONCANDY	Spun sugar at the fair
COUPON	Clipped money-saver
COURAGE	What the Cowardly Lion wanted from the Wizard
COURTHOUSE	Building where trials are held
COURTROOM	Place with a judge's bench
COUSIN	Kissing ___ (close relative)
COWORKER	Cubicle neighbor, maybe
CREATIVE	Imaginative
CRICKET	Chirping insect, or a bat-and-ball sport
CROCHET	Craft done with a hook and yarn
CROCODILE	Reptile with a toothy grin
CROISSANT	Buttery crescent pastry
CROSSWALK	Painted stripes where walkers have the right of way
CROSSWORD	___ puzzle
CRYSTAL	___ ball
CUPBOARD	Kitchen cabinet for dishes
CUPCAKE	Frosted treat in a paper liner
CURIOSITY	"___ killed the cat"
CURRICULUM	Course of study
CURTAIN	Window drape that can be drawn
CURTAINCALL	Bow at the end of a show
DANCEFLOOR	Place to boogie at a wedding
DANDELION	Weed whose puffs you blow on
DATABASE	Organized store of records
DAUGHTER	Female child
DAYDREAM	Trip you take without leaving your desk?
DEADLINE	"Race to beat the ___"
DEBATE	Formal argument with a moderator
DECADE	Ten years
DECIMAL	Kind of point in 3.14
DELIGHT	Great pleasure
DENOMINATOR	Bottom of a fraction
DENTIST	Person who drills for a living, but not for oil?
DEPENDABLE	Reliable
DESERT	Sahara or Gobi
DESSERT	Course after the main one
DESTINATION	End of the journey
DETECTIVE	Private ___
DIAGNOSIS	Doctor's verdict
DIALECT	Regional variety of speech
DIALOGUE	Conversation in a script
DIAMETER	Line straight through a circle's center
DIAMOND	___ in the rough
DICTIONARY	Place where success comes before work?
DILIGENT	Hardworking
DINOSAUR	T. rex, for one
DIPLOMA	Paper that took four years to earn?
DIRECTOR	One who yells "Action!"
DISCOBALL	Mirrored sphere over a dance floor
DISCOUNT	Price cut
DISCOVERY	Eureka moment
DISHWASHER	Kitchen appliance with racks for plates
DOCUMENTARY	Nonfiction film
DOLPHIN	Clever sea mammal that clicks and whistles
DOORBELL	It's pressed by visitors on the porch
DOWNTOWN	City center
DRAGON	Fire-breathing hoarder of gold
DRAGONFLY	Darting insect with four clear wings
DRESSER	Bedroom chest of drawers
DRUMMER	Band member keeping the beat
DRUMSTICK	Something to beat or to eat?
DRYCLEANER	Place to take a suit for pressing
DUMPLING	Filled dough pocket, steamed or fried
EARNEST	Sincere and serious
EARTHQUAKE	Shaker on a fault line
EASTER	Spring holiday with egg hunts
ECLIPSE	Sun blocker that isn't lotion?
EDITOR	Person paid to find fault with your writing?
ELATED	On cloud nine
ELECTRICIAN	Pro who's well connected?
ELECTRICITY	Current affairs?
ELECTRON	Negatively charged particle
ELEMENT	Entry on the periodic table
ELEPHANT	Animal that never forgets, they say
ELEVATOR	Car that goes up and down?
EMBROIDERY	Decorative needlework
EMERALD	___ City of Oz
EMPIRE	Rome at its height, e.g.
ENCHANTRESS	Female spellcaster
ENCORE	Shout for one more song from the band
ENDGAME	Final phase of a chess match
ENERGY	It can't be created or destroyed
ENGINE	Search ___
ENGINEER	Bridge designer
ENTHUSIASM	Zeal
ENTREPRENEUR	Startup founder
EPILOGUE	Final section after the story ends
EQUATION	Statement like 2 + 2 = 4
EQUATOR	Line that splits the globe in half
ESCALATOR	Stairs that do the climbing for you?
ESPRESSO	Strong shot from a coffee bar
ETERNITY	Forever and ever
EVAPORATION	Puddle's disappearing act?
EVERGREEN	Tree that keeps its needles all year
EVIDENCE	Proof presented in court
EXCITEMENT	Thrill
EXPERIMENT	"Thought ___" (mental test)
EXPLAIN	Make clear
EXPLORER	Magellan, for one
EYEBROW	Hair you might raise in surprise
EYELASH	Tiny hair you might wish on
FAIRGROUND	Site for rides and livestock shows
FAIRWAY	Mowed strip between tee and green
FAIRYTALE	Story with a happily ever after
FALCON	Bird of prey with record diving speed
FAMILYTREE	Branching chart with roots?
FANTASY	___ football
FAUCET	Tap over the sink
FEBRUARY	Shortest month
FESTIVAL	Celebration with music and food
FIDDLER	___ on the Roof
FINGERNAIL	Thing you might bite when nervous
FINISHLINE	Racer's goal
FIREFIGHTER	Hose handler
FIREPLACE	Hearth with a mantel
FIRESTATION	Home base for the hook and ladder
FIRETRUCK	Red vehicle with ladders and hoses
FIREWORKS	Things that go boom on the Fourth of July
FLAMINGO	Pink bird that stands on one leg
FLASHBACK	Scene from the past
FLASHLIGHT	Torch, in the U.S.
FLORIST	Bouquet arranger
FOLKLORE	Traditional tales of a people
FOOTBALL	Gridiron game
FORECAST	Weather prediction
FOREHEAD	Brow
FOSSIL	Old-timer set in stone?
FOUNTAIN	Plaza feature where people toss coins
FRACTION	One half or three quarters
FRICTION	Force that slows a sliding object
FRIENDSHIP	Bond between pals
FROSTING	Sweet coating on a cake
GALLERY	Room for viewing art
GAMBIT	"The Queen's ___"
GARAGE	Where the car spends the night?
GARDENER	Person with a green thumb, ideally
GARLIC	Pungent bulb made of cloves
GENERATOR	Backup power machine
GENEROUS	Openhanded
GENTLE	Soft and kind in manner
GEOMETRY	Math of shapes and angles
GINGERBREAD	___ house (holiday build)
GIRAFFE	Animal that really sticks its neck out?
GLACIER	Slow-moving river of ice
GOALIE	Player with a net worth?
GOLDENOLDIE	Classic hit from decades ago
GOSSIP	Grapevine talk
GRADUATION	Cap and gown ceremony
GRAMMAR	Rules of usage
GRANDMA	Over the river and through the woods, to her house
GRANDPARENT	Pop-pop or nana
GRANDPIANO	Concert hall's big keyboard instrument
GRANDSON	Child of one's child, if a boy
GRANITE	Hard rock used for countertops
GRASSHOPPER	Leaping green insect
GRATEFUL	Thankful
GRAVITY	Force that always lets you down?
GREENHOUSE	Glass building for growing plants
GUESTLIST	Names checked at the door
GUITAR	Axe for a rock star?
HAIRSTYLIST	Pro who's a cut above?
HALLOWEEN	Night of costumes and candy
HALLWAY	Corridor between rooms
HAMMER	Tool that always hits the nail on the head?
HAMSTRING	Muscle a sprinter might pull
HANDBAG	Purse
HANDKERCHIEF	Pocket square for a sneeze
HANDWRITING	Penmanship
HAPPINESS	Joy
HAPPYENDING	Ever after, so to speak
HARMONICA	Organ you can fit in a pocket?
HARMONY	Pleasing blend of notes
HATTRICK	Three goals in one game
HEARTBEAT	In a ___ (instantly)
HELICOPTER	___ parent (hoverer)
HELIUM	Gas that makes party balloons float
HEMISPHERE	Half of the globe
HISTORY	Subject that's all in the past?
HOLEINONE	Ace on the golf course
HOLIDAY	___ season
HOMERUN	Trip around the diamond?
HOMEWORK	Assignment the dog might eat?
HONESTY	"___ is the best policy"
HONEYMOON	___ phase (early bliss)
HOPSCOTCH	Sidewalk chalk hopping game
HORNET	Large wasp with a nasty sting
HOSPITAL	Place with an emergency room
HOTCHOCOLATE	Cocoa in a mug on a snow day
HOTSAUCE	Spicy bottle on a taco truck counter
HUMMINGBIRD	Tiny flier that can hover and go in reverse
HURRICANE	Storm that has an eye but can't see?
HUSBAND	Married man
HYDROGEN	Lightest element
HYPOTHESIS	Testable guess
ICEBREAKER	Game that melts the chill?
ICECREAM	___ cone
ILLUSION	Trick of the eye
IMAGINATION	Creative faculty
INERTIA	Resistance to a change in motion
INITIATIVE	Get-up-and-go on the job
INSIGHT	Sudden clear understanding
INSPIRE	Motivate
INSTANT	"In an ___" (very quickly)
INSTINCT	Gut feeling
INTEGRITY	Strong moral principles
INTELLECT	Brainpower
INTEREST	Something a bank pays and a fan has?
INTERMISSION	Break between acts
INTERN	Summer office newcomer, often
INTERNET	Web that no spider spun?
INTERPRETER	Person at the UN who works in your ear?
INTERRUPT	Cut in while someone's talking
INTERSECTION	Where two roads meet
INTERVIEW	"Job ___"
INTUITION	Sixth sense
INVENTOR	Edison, for one
INVITATION	Party request card
ISLAND	Maui or Crete, for one
ISOTOPE	Atom variant with a different neutron count
ITINERARY	Day-by-day travel plan
JACKET	Something a book and a person can both wear?
JAMSESSION	Informal musicians' gathering
JANITOR	School custodian
JIGSAW	___ puzzle
JOURNALIST	Reporter
KANGAROO	Mom with a built-in pocket?
KARAOKE	Sing-along with on-screen lyrics
KETTLE	It whistles when the water boils
KEYBOARD	Place to find a space bar?
KIDNEY	___ bean
KINDERGARTEN	Class before first grade
KINDNESS	"Random acts of ___"
KITCHEN	Place where meals are made
KNIGHT	___ in shining armor
KNOWLEDGE	"___ is power"
LABORATORY	Place for experiments
LABYRINTH	Maze of myth
LADDER	It has rungs but never rings?
LADYBUG	Red beetle with black spots
LAMPSHADE	Cover that softens a bulb's glare
LANDLORD	Person who collects the rent
LANDSCAPE	Painting of rolling hills, say
LANDSCAPER	Lawn and hedge pro
LANGUAGE	"Body ___"
LANTERN	Portable light for camping
LAPTOP	Computer that sits where you sit?
LAUGHTER	The best medicine, they say
LAUNDROMAT	Place with coin-op washers
LAVENDER	Purple herb used in soaps
LAWSUIT	Case brought before a judge
LAWYER	Counsel in court
LEADERSHIP	Captain's quality
LEAPFROG	Game for jumpers who aren't amphibians?
LECTURE	Talk given in a college hall
LEFTOVERS	Last night's dinner, today?
LEGEND	Urban ___
LEMONADE	Sweet-tart drink sold at curbside stands
LEOPARD	Spotted big cat
LESSON	It's often learned the hard way
LETTER	Something sent or spelled?
LETTUCE	Leafy base of a garden salad
LIBRARIAN	One who shushes in the stacks?
LIBRARY	Place to borrow books
LIFEGUARD	Person who saves on summer days?
LIGHTBULB	Symbol of a bright idea
LIGHTNING	___ rod
LIMESTONE	Rock that forms caves
LITERATURE	Books of lasting value
LOBSTER	Clawed crustacean served with drawn butter
LOCKSMITH	Pro who's key to getting back inside?
LONELINESS	Feeling of isolation
LONGING	Yearning
LOYALTY	Quality of a faithful friend
LUGGAGE	Bags at the baggage claim
LULLABY	Song to soothe a baby
MAGICIAN	Rabbit-from-a-hat performer
MAGNET	Fridge decoration with an attractive personality?
MAGNOLIA	Southern tree with big white blossoms
MANAGER	Office boss
MARATHON	26.2-mile race
MARBLES	Lose one's ___
MARIGOLD	Orange bloom that deters garden pests
MARIONETTE	Puppet on strings
MARKETPLACE	Bazaar
MARSHMALLOW	Puffy treat toasted over a campfire
MASTERPIECE	Greatest work
MATINEE	Show for early birds?
MATTRESS	Something you lie on without telling a fib?
MEADOW	Grassy field full of wildflowers
MEATLOAF	Ground beef dish baked in a pan
MECHANIC	Auto repair pro
MELODY	Tune you can hum
MEMORY	"Down ___ lane"
MENTOR	Trusted adviser
MERCURY	Planet closest to the sun
MERMAID	Half-woman, half-fish of the sea
METABOLISM	Body's rate of burning fuel
METAPHOR	"Time is a thief," e.g.
MICROSCOPE	Biology lab magnifier
MICROWAVE	Oven that reheats in seconds
MIDNIGHT	When Cinderella's spell wore off
MILKSHAKE	Thick diner drink with a straw
MILKYWAY	Our galaxy
MILLENNIUM	A thousand years
MINUTE	Tiny, or sixty seconds
MIRROR	Something that reflects but never thinks?
MISTLETOE	Sprig hung for holiday kisses
MITTEN	Glove with just a thumb
MODEST	Not one to brag
MOLECULE	H2O, for one
MOMENT	"Just a ___!"
MOMENTUM	Gain ___
MONARCH	King or queen, or a butterfly
MONITOR	Computer screen
MORTGAGE	Loan with a roof over it?
MOSQUITO	Uninvited guest at a summer barbecue?
MOTIVATION	Drive
MOTORCYCLE	Two-wheeler with an engine
MOUNTAIN	Make a ___ out of a molehill
MUFFIN	Blueberry ___ (bakery breakfast item)
MUSEUM	Place where history is on display
MUSICAL	Show with songs and dancing
MYSTERY	Whodunit
MYTHOLOGY	Body of ancient legends
NAPKIN	Cloth for the lap at dinner
NARRATOR	Voice telling the story
NECKLACE	Chain worn around the throat
NECKTIE	Knotted accessory worn with a suit
NEIGHBOR	Good fences make good ones, per Frost
NEPHEW	Your brother's boy
NEPTUNE	Blue planet farthest from the sun
NERVOUS	Jittery before a big test
NETWORK	Social ___
NEWLYWED	Just-married person
NEWSLETTER	Monthly update emailed to subscribers
NIGHTINGALE	Songbird famous for singing after dark
NIGHTSTAND	Bedside table
NITROGEN	Most plentiful gas in the air
NOODLE	Use your ___ (think hard)
NORTHSTAR	Polaris
NOSTALGIA	Fondness for the good old days
NOTARY	Seal handler who doesn't work at the zoo?
NOTEBOOK	Spiral-bound pad
NOVEMBER	Month of Thanksgiving
NUMERAL	Roman ___
NUMERATOR	Top of a fraction
NUTMEG	Spice sprinkled on eggnog
NUTRITION	Science of food and diet
OATMEAL	Warm porridge, often with brown sugar
OCTOBER	Month of pumpkins and falling leaves
OCTOPUS	Creature that could give eight hugs at once?
OPINION	"In my humble ___"
OPTIMIST	Glass-half-full type
ORACLE	Seer at Delphi
ORANGEJUICE	Breakfast drink, often with pulp
ORATOR	Gifted public speaker
ORCHESTRA	Symphony group
ORCHID	Exotic bloom prized by collectors
ORIGAMI	Japanese paper folding
ORNAMENT	Bauble on a tree
OSTRICH	Bird that can run but can't fly
OTTOMAN	Padded footstool, or an old empire
OUTDOORS	The great ___
OVERTIME	Period of extra work or extra play?
OVERTURE	Orchestral opening
OYSTER	The world is your ___
PAGETURNER	Book that keeps you flipping?
PAINTER	One with brushes and an easel
PALETTE	Board with lots of color?
PANCAKE	Flapjack
PANTRY	Small room for canned goods and cereal
PAPERBACK	Softcover book
PARADE	Street procession with floats and bands
PARAGRAPH	Indented block of text
PARKINGLOT	Paved area full of cars
PARROT	Talkative bird that might repeat your secrets?
PARTICLE	Tiny bit of matter
PASSPORT	Book you need to check out of the country?
PASSWORD	Open sesame, on a login screen?
PASTEL	Soft chalky stick, or a pale shade
PASTIME	Leisure activity
PASTRY	Danish or eclair
PATIENCE	"___ is a virtue"
PAYCHECK	What a worker gets every other Friday
PEGASUS	Winged horse of Greek myth
PELICAN	Bird with a pouch under its bill
PENGUIN	Bird that always dresses formally?
PENINSULA	Florida, geographically
PEPPER	Salt's partner on the table
PEPPERMINT	___ bark (holiday candy)
PERENNIAL	Plant that comes back every year
PERIMETER	Distance around a shape
PESSIMIST	Glass-half-empty type
PHARAOH	Ruler with a pyramid scheme?
PHARMACIST	Pro who counts pills
PHARMACY	Place to fill a prescription
PHILOSOPHY	Subject of Socrates and Plato
PHOTOGRAPHER	Pro who takes shots at weddings?
PHOTOGRAPHY	Art of the camera
PIANIST	Player with 88 keys but no locks?
PICNIC	"It's no ___" (it's hard)
PIECEOFCAKE	"That was a ___!" (so easy)
PIGGYBANK	Snouted saver?
PILLOW	___ fight (sleepover battle)
PINEAPPLE	Spiky tropical fruit
PIONEER	Trailblazer
PIRATE	Sailor who flies the Jolly Roger
PLANET	Mars or Venus, for one
PLATEAU	High, flat landform
PLAYLIST	Queue of songs on a phone
PLAYWRIGHT	Dramatist
PLUMBER	Pro who fixes leaky pipes
PLURAL	Like "geese" but not "goose"
POKERFACE	Expression that gives nothing away
POPCORN	Buttered ___ at the movies
PORTRAIT	Painting of a person
POSTCARD	"Wish you were here" mailer
POSTOFFICE	Place to buy stamps
POTION	Love ___
POTTER	One at the wheel?
POTTERY	Kiln-fired crafts
PRAIRIE	Grassy plain where bison once roamed
PREMIERE	Opening night
PRESENT	Gift that's here and now?
PRESENTATION	Slideshow at a meeting
PRETZEL	Twisted, salty snack
PRINCESS	King's daughter
PRINCIPAL	School head who's your pal, per a spelling trick?
PROBABILITY	Chance, mathematically
PROFESSOR	University faculty member
PROFIT	Bottom-line gain
PROLOGUE	Opening section before the story begins
PROMOTION	Step up the corporate ladder
PRONOUN	"She" or "they", for example
PROTEIN	___ shake
PUMPKIN	___ spice latte
PUNCHLINE	Joke's payoff
PUNCTUATION	Points made in writing?
PUPPETEER	One pulling strings for a show?
QUESTION	Query
RABBIT	Hopper famous for multiplying?
RACETRACK	Oval for horses or cars
RADIATION	Energy given off as waves or particles
RAINBOW	Arc of color after a storm
RAINCOAT	Wet-weather outerwear
RAINFOREST	Lush tropical habitat
RAISIN	Dried grape
RAMEKIN	Little dish for creme brulee
RATIONAL	Sensible and clear-headed
RATTLESNAKE	Venomous reptile with a noisy tail
REASON	"For no ___ at all"
RECEIPT	Proof of purchase
RECEPTIONIST	Front desk greeter
RECITAL	Solo performance by a music student
RECLINER	Comfy chair that tips back
RECORD	Broken ___ (one who repeats)
RECTANGLE	Shape of a door or a dollar bill
REDCARPET	Walkway for stars at a premiere
REDWOOD	Giant California tree
REFEREE	Zebra on the field?
REGATTA	Series of boat races
REGRET	Wish to take something back
REHEARSAL	Practice run before the show
RELATIVE	Kin
RELIEF	Feeling after a close call
REMEDY	Cure for what ails you
RENAISSANCE	Era of da Vinci and Michelangelo
RESILIENT	Able to bounce back
RESPONSIBLE	Accountable
RESTAURANT	Place to dine out
RESTLESS	Unable to sit still
RESUME	Page that sells you?
RETINA	Light-sensing layer at the back of the eye
RETORT	Witty comeback
RHINOCEROS	Horned African giant
RIDDLE	Brain teaser with a clever answer
RINGMASTER	Circus emcee
RISOTTO	Creamy Italian rice dish
ROADTRIP	Drive across the country for fun
ROCKANDROLL	Elvis's genre
ROCKET	It's not ___ science
ROLLERSKATE	Wheeled boot for a rink
ROLLINGPIN	Baker's dough flattener
ROMANCE	Love story genre
ROOMMATE	One who splits the rent with you
ROUTINE	Practiced act
SAILBOAT	Vessel moved by the wind
SAILOR	One who really knows the ropes?
SALAMANDER	Amphibian that looks like a lizard
SALARY	Annual pay
SALESPERSON	Clerk on commission
SALMON	Pink-fleshed fish that swims upstream
SANDAL	Open-toed summer shoe
SANDCASTLE	Beach house with a moat?
SANDPIPER	Small shorebird that runs from the waves
SANDSTONE	Rock of compressed grains
SANDTRAP	Beach a golfer avoids?
SANDWICH	Lunch between two slices
SARDINE	Tiny fish packed tightly in a tin
SATELLITE	Moon, or a GPS orbiter
SATIRE	Humor that mocks folly
SATISFACTION	"Customer ___ guaranteed"
SATURDAY	First day of the weekend
SATURN	Ringed sixth planet from the sun
SAUCEPAN	Pot with a long handle
SAUCER	Flying ___ (UFO)
SCAVENGER	___ hunt
SCENERY	Painted stage backdrop
SCHOLARSHIP	Tuition award
SCHOOLBUS	Yellow ride to class
SCIENTIST	Lab coat wearer
SCOOTER	Kick-powered ride with a deck
SCORPION	Arachnid with a stinging tail
SCRAPBOOK	Album of keepsakes
SCREENPLAY	Film script
SCREWDRIVER	Tool with a Phillips head
SCRIBE	Ancient copyist
SCRIPT	Actor's lines on paper
SCULPTOR	Chisel-wielding artist
SEAHORSE	Fish whose male carries the young
SEASHELL	Beach souvenir you can hold to your ear
SEDIMENT	Settled silt
SEEDLING	Plant just starting out in life?
SEMESTER	Half of an academic year
SEMINAR	Small discussion class
SENSIBLE	Practical
SENSITIVE	Easily hurt
SENSOR	Detector in a smart thermostat
SENTENCE	Prison term, or a string of words
SENTIMENT	Feeling expressed in a greeting card
SEPTEMBER	Back-to-school month
SEQUEL	Part two of a film
SERENADE	Song sung beneath a window
SERENE	Calm and untroubled
SERENITY	Peace of mind
SERVER	Computer that hosts websites, or a waiter
SETTLER	Frontier homesteader
SHOOTINGSTAR	Thing you wish on at night
SHOPPINGCART	Ride for groceries?
SHOULDER	Joint you might shrug
SHOWSTOPPER	Number that brings down the house
SHOWTIME	Moment to start the performance
SHUFFLE	Mix the deck
SIDEWALK	___ chalk (kids' drawing supply)
SIGNATURE	Name on the dotted line
SILENCE	"___ is golden"
SILICON	___ Valley
SILVERWARE	Forks, knives and spoons
SINCERE	Genuine in feeling
SINGALONG	Group song session
SISTER	Female sibling
SKATEBOARD	Deck with four wheels
SKELETON	Frame you can never take off?
SKILLET	Cast-iron frying pan
SKYSCRAPER	Building that tickles the clouds?
SLAMDUNK	Forceful basket, or a sure thing
SLEEPOVER	Night when no one sleeps?
SLIPPER	Fuzzy footwear for the house
SMARTPHONE	Pocket computer that also takes calls
SNAPDRAGON	Flower whose blooms open like jaws
SNOWDRIFT	Wind-sculpted winter heap
SNOWFLAKE	No two are alike, they say
SOCCER	Game with a goalkeeper and a round ball
SOFTWARE	Programs that run on a computer
SOLITAIRE	Card game for one
SOLSTICE	Winter ___
SOLUTION	Answer to a puzzle
SONNET	Fourteen-line poem
SOPRANO	Highest singing voice
SORBET	Dairy-free frozen fruit dessert
SORROW	Deep sadness
SOUNDTRACK	Music from a film
SOUVENIR	Keepsake from a trip
SPACESTATION	Orbiting lab with a crew aboard
SPAGHETTI	Pasta often served with meatballs
SPARKLER	Firework you can hold
SPARROW	Small brown songbird
SPATULA	Flat tool for flipping pancakes
SPECTRUM	Range of colors in a rainbow
SPEECH	Address that has no street?
SPELLER	One who's in the bee business?
SPIDER	Web designer with eight legs?
SPINDLE	Sleeping Beauty pricked her finger on one
SPOTLIGHT	Steal the ___
SPREADSHEET	Grid of cells for budgets
SPRUCE	Evergreen often brought indoors in December
SQUIRREL	Nut-burying backyard rodent
STADIUM	Arena for big games
STAIRCASE	Flight that never leaves the house?
STALACTITE	Cave icicle of stone
STALEMATE	Old friend from chess?
STANZA	Room in a poem?
STARFISH	Five-armed creature of the tide pool
STARLING	Bird known for swirling murmurations
STARSTRUCK	Dazzled by celebrity
STATION	Where the train stops
STATIONWAGON	Family car with a long cargo area
STATISTICS	Math of data and averages
STATUE	Figure that never moves?
STATUTE	Written law
STEADFAST	Firm and unwavering
STEAMENGINE	Power source of early locomotives
STETHOSCOPE	Device for heart-to-heart talks?
STINGRAY	Flat swimmer with a barbed tail
STOCKING	Sock that holds more than a foot?
STOMACH	Organ that growls when you're hungry
STOPLIGHT	Red, yellow and green signal
STOREFRONT	Shop's street-facing side
STORYBOOK	Bedtime volume of tales for kids
STORYTELLER	Spinner of yarns
STRATEGY	Game plan
STRAWBERRY	Red fruit with seeds on the outside
STREAM	Brook, or what you do with a movie online
STREETCAR	A ___ Named Desire
STRIKE	Bowler's perfect ten?
STRIKER	Soccer forward
STUBBORN	Mulish
STUDENT	Person enrolled in a course
SUBMARINE	Vessel that travels under the waves
SUITCASE	Rolling bag for a trip
SUMMER	Season of beach trips and long days
SUMMIT	Climber's goal
SUNDAE	Ice cream treat topped with a cherry
SUNDRESS	Light summer frock
SUNFLOWER	Tall yellow bloom with edible seeds
SUNGLASSES	Things worn to throw shade?
SUNSCREEN	Beach bottle with an SPF
SUNSHINE	You are my ___
SUPERMARKET	Large grocery store
SUPERNOVA	Star's explosive finale
SURFBOARD	Plank that hangs ten?
SURGEON	Doctor who scrubs in
SURPRISE	"___ party"
SUSPENDERS	Things that hold up pants
SWEATER	___ weather (crisp fall days)
SWIMSUIT	Pool attire
SYLLABLE	Beat in a word
SYMPHONY	Large orchestral work
SYNONYM	"Big" for "large", e.g.
TABLECLOTH	Dining linen
TABLET	Pill, or a touchscreen device
TACKLEBOX	Fisher's lure holder
TAILOR	Pro who takes you in?
TALENT	___ show
TAMBOURINE	Jingly hand drum
TANGENT	Go off on a ___
TAPDANCE	Perform in metal-soled shoes
TAPEMEASURE	Retractable ruler
TEACHER	Person at the front of the classroom
TEAMWORK	Cooperation toward a shared goal
TEAPOT	Short and stout vessel in a nursery rhyme
TEASPOON	Small measure abbreviated tsp
TELEPHONE	Bell's invention
TELESCOPE	Stargazer's instrument
TELEVISION	Box with channels
TEMPER	Something lost in a fit?
TEMPERATURE	Reading on a thermometer
TEMPLE	Side of the forehead, or a place of worship
TENANT	Renter
TENDON	Achilles ___
TENNIS	Sport where love means zero
TERMINAL	Airport building, or a command-line window
TERMITE	Wood-chewing pest that lives in colonies
TESTIMONY	Witness's statement
TEXTBOOK	Heavy load in a backpack
THANKSGIVING	November feast with turkey
THEATER	Venue with a stage and seats
THEORY	Explanation awaiting proof
THERMOMETER	Device with a lot of degrees?
THERMOSTAT	Wall dial for the heat
THESAURUS	Word book that sounds like a dinosaur?
THOUGHTFUL	Considerate
THRILLER	Suspenseful story
THUNDER	Rumble that follows a flash
THUNDERSTORM	Rumbling downpour
TICKET	Golden ___ (prize in a chocolate factory tale)
TIGHTROPE	Line performers walk?
TIMELESS	Never going out of style
TIMELINE	Chronological chart
TINSEL	Shiny strands draped on a tree
TOADSTOOL	Mushroom with a seat-like cap
TOASTER	Kitchen gadget that pops up every morning?
TODDLER	Kid taking first wobbly steps
TOLERANCE	Open-mindedness
TOMATO	Red fruit often treated as a vegetable
TOMORROW	"___ is another day"
TORNADO	Twister that's no party game?
TORTILLA	Flat round for wrapping a burrito
TORTOISE	Slow winner of a famous race
TOUCAN	Tropical bird with an oversized, colorful bill
TOUCHDOWN	Landing worth six points?
TOWNHOUSE	Row home sharing walls with neighbors
TRACTOR	Farm vehicle that pulls a plow
TRADITION	Custom passed down
TRAGEDY	Genre of Hamlet and Macbeth
TRAILER	Camper you tow, or a movie preview
TRAILHEAD	Where the hike begins
TRAMPOLINE	Backyard bouncer
TRANSISTOR	Tiny switch in a chip
TRANSLATOR	One who turns French into English, say
TREASURE	___ map
TREBLECLEF	Symbol at the start of a staff
TRELLIS	Garden lattice for climbing vines
TRENCHCOAT	Belted outerwear of film detectives
TRIANGLE	Shape with three sides
TRICYCLE	Three-wheeler for a little kid
TRIDENT	Three-pronged spear of Poseidon
TROMBONE	Brass instrument with a slide
TROPHY	___ case (where cups are shown off)
TROUBADOUR	Wandering medieval singer
TROUSERS	Pants, formally
TRUMPET	Brass horn with three valves
TRUSTWORTHY	Able to keep a secret, say
TUITION	College cost
TUNNEL	Passage under a river or mountain
TURTLE	Reptile that carries its house?
TURTLENECK	High-collared top
TYPEWRITER	Clacking predecessor of the word processor
UMBRELLA	It goes up when the rain comes down?
UMPIRE	One who calls balls and strikes
UNDERDOG	Pup with low expectations?
UNDERSTUDY	Backup actor
UNICORN	Horned horse of legend
UNIVERSE	Everything that exists
VACATION	Time off from work
VACCINATION	Flu shot, e.g.
VACCINE	Shot that trains the immune system
VALENTINE	"Be my ___"
VANILLA	Plain ___ (basic ice cream flavor)
VELOCITY	Speed with a direction
VERDICT	Jury's decision
VETERINARIAN	Doctor whose patients may bark?
VILLAIN	Bad guy of the story
VIOLIN	Instrument tucked under the chin
VITAMIN	C or D, for example
VOCABULARY	Words a person knows
VOLCANO	Mountain with a temper?
VOLLEYBALL	Beach game over a net
VOLUNTEER	Unpaid helper
WAFFLE	Breakfast with built-in syrup pockets?
WAITER	Person who serves but never volleys?
WALLET	Billfold
WARDROBE	Clothes collectively, or the cabinet for them
WATERCOLOR	Painting medium with a translucent wash
WATERFALL	Niagara, for one
WATERINGCAN	Gardener's spouted vessel
WAVELENGTH	Being on the same ___
WEDDING	___ bells
WEDNESDAY	Hump day
WEEKEND	Saturday and Sunday
WHISPER	Speak very softly
WILDCARD	Unpredictable player in the deck?
WILDERNESS	Untamed land
WILDFLOWER	Untended bloom in a meadow
WILLOW	Tree known for weeping
WINDMILL	Dutch landmark with sails
WINTER	Season for sledding and snowmen
WISDOM	"___ teeth"
WITNESS	Courtroom testifier
WIZARD	Wand-waving spellcaster
WOODPECKER	Bird that drums on trees
WRISTWATCH	Timepiece on the arm
YESTERDAY	The day before today
