ABEYANCE	State of temporary suspension
ABJECT	Wretched and without hope
ABJURE	Formally renounce, as a belief
ABROGATE	Formally repeal or abolish
ABSCOND	Slip away secretly, often with loot
ABSINTHE	Green anise spirit, the "green fairy"
ABSTEMIOUS	Moderate in eating and drinking
ABSTRUSE	Hard to comprehend
ACCOUTREMENT	Accessory item of equipment
ACERBIC	Sharp and sour in tone
ACOLYTE	Devoted follower or assistant
ACQUIESCE	Go along without protest
ACQUIESCENT	Quietly giving in
ACRIMONY	Bitterness in speech or manner
ACROPOLIS	Fortified hilltop of a Greek city
ACUMEN	Keen insight, especially in business
ADJUDICATE	Make a formal judgment on
ADMONISH	Warn or reprove firmly
ADROIT	Skillful with hands or wits
ADULTERATE	Make impure by adding inferior stuff
AFFIDAVIT	Sworn written statement
AFICIONADO	Devotee of a pastime
ALACRITY	Cheerful eagerness
ALBEDO	Measure of a surface's reflectivity
ALEMBIC	Old distilling apparatus
ALLOTROPE	Form of an element, like graphite or diamond
AMALGAM	Blend; mercury alloy
AMANUENSIS	Secretary who takes dictation
AMBERGRIS	Waxy whale secretion prized in perfume
AMELIORATE	Make better
AMIDSHIPS	In the middle of a vessel
AMPHORA	Two-handled ancient jar
AMYGDALA	Almond-shaped brain region tied to fear
ANACHRONISM	Thing out of its proper era
ANCHORITE	Religious hermit
ANEMOMETER	Instrument that measures wind speed
ANODYNE	Inoffensively bland
ANTEROOM	Small chamber leading to a larger one
ANTITHESIS	Direct opposite; contrast of ideas in parallel form
APHELION	Orbit point farthest from the sun
APHORISM	Terse statement of a truth
APHORISTIC	Terse and pithy, like a maxim
APIARY	Place where bees are kept
APLOMB	Self-assured poise
APOGEE	Point of an orbit farthest from Earth
APOSTATE	One who abandons a faith
APOTHECARY	Old-time druggist
AQUILINE	Hooked like an eagle's beak, as a nose
ARCADIA	Idyllic pastoral region
ARCANE	Understood by only a select few
ARCHITRAVE	Beam resting on column capitals
ARGOSY	Large merchant ship, poetically
ARPEGGIO	Chord played one note at a time
ARRAIGN	Call into court to answer charges
ARRANT	Complete and utter, as a fool
ARRIVISTE	Ambitious social climber
ARROGATE	Claim without justification
ASCETIC	Rigorously self-denying
ASININE	Foolish beyond belief
ASPERITY	Harshness of tone
ASPERSION	Damaging remark
ASSIDUOUS	Showing constant careful effort
ASSONANCE	Echo of vowels in nearby words
ASSUAGE	Ease, as grief or thirst
ASTROLABE	Medieval instrument for sighting stars
ASYMPTOTE	Line a curve approaches but never meets
ATELIER	Artist's or designer's workshop
AUGURY	Omen; art of divination
AUGUST	Majestic, or a month of summer
AVARICIOUS	Consumed by greed
AZIMUTH	Compass bearing measured along the horizon
BACCARAT	Casino card game of player versus banker
BACCHANAL	Drunken revelry
BAILIWICK	One's area of expertise
BALDERDASH	Senseless talk
BALEFUL	Threatening harm, as a glare
BARBICAN	Fortified gateway outpost
BAROQUE	Extravagantly ornate in style
BASTION	Projecting fortification; stronghold
BATHETIC	Ludicrously anticlimactic
BATHOS	Abrupt slide from the lofty to the trivial
BATTLEMENT	Notched parapet of a castle
BEATIFIC	Blissfully serene, as a smile
BECHAMEL	White sauce of butter, flour and milk
BELABOR	Dwell on far too long
BELLICOSE	Inclined to war or fighting
BELVEDERE	Structure built to command a view
BEQUEATH	Leave to an heir by will
BESEECH	Implore earnestly
BESMIRCH	Tarnish, as a reputation
BESTIARY	Medieval book of real and fabulous animals
BIDDABLE	Meekly obedient
BINNACLE	Housing for a ship's compass
BLITHE	Carefree, sometimes heedlessly so
BOATSWAIN	Ship's officer in charge of rigging and deck crew
BOLLARD	Dockside post for mooring lines
BOMBAST	Pompous, inflated speech
BOMBASTIC	Pompously inflated in language
BONHOMIE	Friendly good nature
BOORISH	Crude and ill-mannered
BOWDLERIZE	Prudishly censor a text
BOWSPRIT	Spar jutting forward from a ship's bow
BRAVURA	Brilliant display of daring skill
BRIGANTINE	Two-masted sailing vessel
BRIOCHE	Rich, buttery French bun
BROCADE	Rich fabric with raised woven designs
BROMIDE	Tired cliche; also a sedative
BROUHAHA	Noisy overreaction
BRUSQUE	Abrupt to the point of rudeness
BUCOLIC	Pleasantly rural and pastoral
BUMPTIOUS	Offensively self-assertive
BURLESQUE	Mocking comic imitation
BURNISHED	Polished to a gleam
CACHET	Prestige; mark of distinction
CACOPHONOUS	Harshly discordant
CACOPHONY	Harsh, jarring noise
CADAVEROUS	Gaunt and deathly pale
CAESURA	Pause in the middle of a line of verse
CAJOLE	Coax with flattery and sweet talk
CALDERA	Large crater from a volcano's collapse
CALLIOPE	Steam-whistle organ of the circus
CALLOW	Green and inexperienced
CALUMNY	False, damaging statement
CAMARADERIE	Spirit of friendly fellowship
CANARD	Unfounded rumor or false story
CANASTA	Rummy variant built on melds of seven
CANDELABRUM	Branched holder for several tapers
CANTATA	Choral work with soloists and orchestra
CAPITULATE	Surrender on terms
CAPRICIOUS	Given to sudden whims
CAPSTAN	Revolving drum for winding a ship's cable
CAPTIOUS	Quick to find fault
CARAPACE	Hard upper shell of a turtle or crab
CARPING	Constantly nitpicking
CARYATID	Column carved as a draped female figure
CASSOULET	Slow-cooked French bean and meat casserole
CASTIGATE	Rebuke severely
CASTLING	Chess move swapping king and rook
CASUISTRY	Hair-splitting moral reasoning
CATARACT	Large waterfall; clouding of the eye's lens
CATHARSIS	Emotional purging through art
CAVALIER	Offhand and dismissive
CAVEAT	Warning or proviso
CAVORT	Prance about in high spirits
CENOTAPH	Monument to someone buried elsewhere
CENSER	Swinging vessel for burning fragrant resin
CENSORIOUS	Severely critical
CENTRIFUGE	Machine that spins samples to separate them
CEPHALOPOD	Tentacled mollusk like a squid
CERULEAN	Deep sky blue
CHANTEY	Sailor's rhythmic work song
CHARCUTERIE	Platter of cured meats
CHARLATAN	Fraud who claims expertise
CHATTEL	Item of movable personal property
CHENILLE	Fuzzy tufted yarn or fabric
CHERUBIC	Innocently chubby-cheeked
CHIAROSCURO	Strong contrast of light and shade in art
CHICANERY	Trickery to deceive
CHIFFONADE	Thin ribbons of leafy herbs
CHIMERICAL	Wildly fanciful
CHIMICHURRI	Argentine parsley and garlic sauce
CHINTZ	Glazed cotton with bright floral prints
CHOLERIC	Hot-tempered
CHRONOMETER	Precise timepiece for finding longitude
CHRYSALIS	Hard case of a butterfly pupa
CHURLISH	Rude and surly
CHUTZPAH	Audacity, for better or worse
CIRCUMSPECT	Cautious and watchful
CIRCUMVENT	Find a way around
CLAFOUTIS	Baked dessert of cherries in batter
CLAIRVOYANCE	Supposed ability to perceive beyond the senses
CLAPTRAP	Pretentious nonsense
CLERESTORY	Upper windowed wall above a nave
CLOISONNE	Enamelwork set between wire partitions
CLOYING	Sweet to the point of nausea
COCHLEA	Spiral cavity of the inner ear
CODICIL	Supplement that amends a will
COGENT	Clear, logical and persuasive
COLONNADE	Row of evenly spaced pillars
COLOPHON	Publisher's emblem or closing note in a book
COMMISERATE	Share in another's sorrow
COMPENDIUM	Concise but complete summary
COMPLAISANT	Eager to please
CONCORDANCE	Index of every word in a text
CONFIDANT	Person trusted with secrets
CONFLATE	Merge into one, often mistakenly
CONFLUENCE	Meeting point of two rivers
CONNIVE	Scheme in secret with others
CONNOISSEUR	Discerning judge of fine things
CONTRAVENE	Violate, as a rule
CONVIVIAL	Festive and sociable
CORBEL	Projecting bracket in masonry
CORNICE	Ornamental molding along a roof's top
CORONET	Small circlet worn by nobility
CORROBORATE	Back up with evidence
CORSAIR	Barbary Coast pirate
COTERIE	Small exclusive circle of people
COUNTERMAND	Cancel, as an earlier order
COUNTERPOINT	Interweaving of independent melodies
COUTURIER	Designer of high fashion
COVENANT	Solemn binding agreement
COVETOUS	Eager to possess what others have
COXSWAIN	Steersman of a rowing crew
CRABBED	Ill-tempered; cramped, as handwriting
CRAVAT	Wide band worn around a man's neck
CRAVEN	Shamefully cowardly
CREDENZA	Sideboard or low cabinet
CRENELLATION	Pattern of gaps along a castle wall
CRIBBAGE	Card game scored with pegs on a board
CRINOLINE	Stiff petticoat that spreads a skirt
CRUCIBLE	Vessel for melting metals; severe test
CRYSTALLINE	Clear and transparent, like quartz
CUMMERBUND	Pleated sash worn with a tuxedo
CUPOLA	Small dome on a roof
CURMUDGEON	Bad-tempered old grump
CURSORY	Done hastily and superficially
DACTYL	Metrical foot: one stressed then two unstressed
DAMASK	Reversible patterned linen or silk
DAPPLED	Marked with spots of light and shade
DEBACLE	Sudden, humiliating failure
DEBONAIR	Suave and charming
DECOROUS	Proper and dignified
DECORUM	Proper behavior
DEGLAZE	Loosen pan drippings with wine or stock
DELETERIOUS	Harmful
DELPHIC	Ambiguous, like an oracle's answer
DEMAGOGUE	Leader who stirs crowds with prejudice and emotion
DEMOTIC	Of everyday common speech
DENIGRATE	Belittle
DENOUEMENT	Final unraveling of a plot
DESULTORY	Lacking plan or purpose
DETERMINISM	Doctrine that all events are caused
DIADEM	Jeweled crown or headband
DIAPHANOUS	Delicately sheer
DIATRIBE	Bitter verbal attack
DIDACTIC	Intended to instruct, often preachily
DIFFIDENT	Shy and lacking self-confidence
DIFFRACTION	Bending of waves around an obstacle
DILATORY	Slow; tending to delay
DILETTANTE	Dabbler in the arts without real commitment
DIMINUENDO	Gradual decrease in loudness
DIPTYCH	Two-panel hinged painting
DISABUSE	Free from a mistaken belief
DISCOMFIT	Unsettle or embarrass
DISCONSOLATE	Unable to be comforted
DISCURSIVE	Rambling from topic to topic
DISINGENUOUS	Insincere while pretending candor
DISSEMBLE	Hide one's true motives
DISSOLUTE	Lax in morals
DISSONANT	Harsh and inharmonious
DOCTRINAIRE	Rigidly applying theory
DOLDRUMS	Windless equatorial waters; a slump
DOLEFUL	Full of sorrow
DOLOROUS	Full of grief
DOPPELGANGER	Ghostly double of a living person
DOUGHTY	Brave and stout-hearted
DOWAGER	Widow holding a title from her late husband
DOYENNE	Senior woman in a field
DRAUGHTS	Checkers, to a Brit
DUENNA	Chaperone of a young woman
DULCET	Sweet and soothing to the ear
DUPLICITOUS	Two-faced
DUPLICITY	Two-faced deceit
EBULLIENT	Bubbling with enthusiasm
EFFERVESCENT	Bubbly and vivacious
EFFETE	Overrefined and feeble
EFFRONTERY	Shameless nerve
EFFULGENT	Radiantly brilliant
EFFUSIVE	Gushing with emotion
EGREGIOUS	Shockingly bad
ELEGIAC	Mournful and wistful in tone
ELUCIDATE	Make clear by explaining
ELYSIUM	Paradise of Greek myth
EMBROIL	Draw into a conflict
EMIGRE	Person who has left their homeland for good
EMISSARY	Envoy sent on a special errand
EMPIRICISM	Knowledge through experience
ENCOMIUM	Glowing tribute
ENERVATE	Sap of strength
ENERVATED	Drained of energy
ENJAMBMENT	Running of a sentence past a line break in verse
ENTABLATURE	Upper horizontal structure on classical columns
ENTROPY	Measure of disorder in a system
EPAULET	Ornamental shoulder piece
EPICURE	Connoisseur of fine food and drink
EPICUREAN	Devoted to refined pleasure
EPIGLOTTIS	Flap that covers the windpipe when swallowing
EPIGRAM	Brief witty saying
EPIGRAMMATIC	Concise and witty
EPIGRAPH	Quotation at the start of a book
EPIPHYTE	Plant growing harmlessly on another
EPISTEMOLOGY	Theory of knowledge
EPITHET	Descriptive byname; also a slur
EPONYM	Person something is named after
EQUABLE	Even-tempered and calm
EQUANIMITY	Mental calm under strain
EQUINOX	Date of equal day and night
EQUIVOCAL	Ambiguous, perhaps deliberately
EQUIVOCATE	Use vague language to avoid commitment
EQUIVOCATION	Deliberate vagueness to mislead
ERSATZ	Imitation, and usually inferior
ERUDITE	Deeply learned
ESCARPMENT	Long steep slope or cliff
ESCHATOLOGY	Study of the end of the world
ESCHEW	Deliberately steer clear of
ESCROW	Funds held by a third party until a deal closes
ESOTERIC	Meant for a small inner circle
ESPADRILLE	Canvas shoe with a rope sole
ETHEREAL	Delicately otherworldly
EUCHRE	Trick-taking card game with bowers
EUPHEMISM	Mild word swapped in for a harsh one
EUPHONIOUS	Pleasing to the ear
EUPHONY	Pleasing sound
EVANESCENT	Quickly fading
EXACERBATE	Make worse
EXCORIATE	Censure scathingly
EXCULPATE	Free from blame
EXECRABLE	Utterly dreadful
EXECUTRIX	Woman who carries out a will
EXEGESIS	Critical explanation of a text
EXHORT	Urge strongly and earnestly
EXONERATE	Clear of an accusation
EXPATIATE	Hold forth at length
EXPUNGE	Strike from the record
EXTIRPATE	Root out completely
EXTRICATE	Free from a tangle
FACILE	Easily achieved but shallow
FACTOTUM	Employee who does all kinds of work
FAITACCOMPLI	Done deal
FASCINATOR	Decorative headpiece at a royal wedding
FASTIDIOUS	Very attentive to detail; hard to please
FATUOUS	Foolishly smug or silly
FAUXPAS	Social blunder
FECKLESS	Ineffective and irresponsible
FECUND	Highly fertile or productive
FENUGREEK	Spice from bitter, maple-scented seeds
FERMATA	Symbol telling a player to hold a note
FIDUCIARY	One holding assets in trust for another
FIEFDOM	Domain under one person's control
FILIGREE	Delicate ornamental metal lacework
FIRMAMENT	Vault of the heavens
FLACCID	Soft and limp
FLAMBE	Doused with liquor and set alight
FLANEUR	Idle stroller of city streets
FLIPPANT	Inappropriately casual
FLORID	Flowery in style; ruddy in complexion
FLOTSAM	Floating wreckage
FLUMMOX	Baffle completely
FOIBLE	Minor weakness of character
FOMENT	Stir up, as discontent
FOPPISH	Like a vain dandy
FORECASTLE	Crew quarters in a ship's bow
FORSWEAR	Give up solemnly; renounce
FRACAS	Noisy quarrel
FRACTIOUS	Unruly and irritable
FRANGIPANE	Almond cream filling for tarts
FRIEZE	Sculpted horizontal band
FRIPPERY	Showy, frivolous finery
FRONTISPIECE	Illustration facing a title page
FULCRUM	Pivot point of a lever
FULMINATE	Protest loudly and bitterly
FULSOME	Excessively flattering
FUMAROLE	Vent emitting volcanic gases
FURTIVE	Sly and secretive
GABARDINE	Tightly woven twill for raincoats
GADFLY	Persistent, provocative critic
GALLEON	Spanish treasure ship of old
GALVANIZE	Jolt into action
GANACHE	Chocolate and cream filling or glaze
GANGLING	Tall, thin and awkward
GARISH	Glaringly showy
GARRULOUS	Excessively talkative
GAUCHE	Socially clumsy
GAZETTEER	Geographical dictionary
GENTEEL	Refined, sometimes affectedly so
GESTALT	Organized whole greater than its parts
GEWGAW	Gaudy trifle
GLISSANDO	Rapid slide through a scale
GLOAMING	Dusk
GNOMIC	Expressed in short, cryptic sayings
GNOMON	Shadow-casting part of a sundial
GOBBLEDYGOOK	Jargon-filled gibberish
GOSSAMER	Light, thin and delicate
GOUACHE	Opaque watercolor
GRAVITAS	Dignified seriousness
GREMOLATA	Lemon zest, garlic and parsley garnish
GRIMOIRE	Book of magic spells
GUILELESS	Innocent and without deceit
GUNWALE	Upper edge of a boat's side
GUTTURAL	Throaty in sound
HABERDASHER	Seller of men's clothing
HALCYON	Idyllically peaceful, as days gone by
HALYARD	Rope for hoisting a sail or flag
HAMFISTED	Clumsy and heavy-handed
HARANGUE	Loud, lecturing rant
HARBINGER	Forerunner of what is to come
HASSOCK	Footstool cushion; kneeler
HECTOR	Bully with blustering talk
HECTORING	Bullying and blustering
HEGEMONY	Dominance of one group over others
HERRINGBONE	Zigzag weave pattern
HIDEBOUND	Narrow and rigidly conventional
HIPPOCAMPUS	Seahorse-shaped brain region for memory
HIPPODROME	Ancient horse-racing course
HIRSUTE	Notably hairy
HOBNOB	Mingle with the well-connected
HOLLANDAISE	Buttery egg-yolk sauce for eggs Benedict
HOODWINK	Dupe
HORNSWOGGLE	Bamboozle
HOUNDSTOOTH	Broken-check pattern of jagged shapes
HUBRISTIC	Overbearingly proud
HULLABALOO	Noisy fuss
ICONOCLAST	One who attacks cherished beliefs
ICOSAHEDRON	Solid with twenty triangular faces
IGNOMINY	Public shame
IMBROGLIO	Complicated, embarrassing situation
IMPASSIVE	Showing no emotion
IMPASTO	Thickly applied paint
IMPECUNIOUS	Having little money
IMPERIOUS	Arrogantly commanding
IMPLACABLE	Impossible to appease
IMPRESARIO	Theatrical or concert producer
IMPUGN	Cast doubt on, as someone's motives
INCHOATE	Just begun and not yet formed
INCULCATE	Instill by constant repetition
INDENTURE	Contract binding an apprentice
INDOLENT	Habitually lazy
INEFFABLE	Too great for words
INEXORABLE	Relentless; unstoppable
INGENUE	Naive young woman, as a stock stage role
INGENUOUS	Innocently trusting
INGLENOOK	Fireside corner
INGRATIATE	Worm one's way into favor
INIMICAL	Hostile or harmful
INIQUITOUS	Grossly unfair or wicked
INJUNCTION	Court order to do or stop doing something
INSIDIOUS	Subtly treacherous
INSIPID	Bland and uninspiring
INSOLENT	Rudely disrespectful
INSOUCIANT	Casually unconcerned
INSULAR	Narrow in outlook, cut off from others
INTAGLIO	Design incised below a surface
INTERLOPER	Meddling intruder
INTERMEZZO	Short interlude in an opera
INTERREGNUM	Gap between one ruler and the next
INTESTATE	Having left no will
INTRACTABLE	Hard to control or solve
INTRANSIGENT	Refusing to compromise
INURED	Hardened by long exposure
INVECTIVE	Abusive language
INVEIGH	Rail bitterly (against)
INVEIGLE	Lure by flattery or trickery
INVETERATE	Long established and unlikely to change
INVIDIOUS	Likely to cause resentment
IRASCIBLE	Easily angered
IRIDESCENT	Shimmering with rainbow colors
IRRESOLUTE	Uncertain and hesitant
ISTHMUS	Narrow land strip joining two larger areas
ITINERANT	Worker who travels from place to place
JEJUNE	Naive and simplistic
JEREMIAD	Long lament of coming doom
JETTISON	Throw overboard; discard
JOCOSE	Given to joking
JOCUND	Merry and cheerful
JUGGERNAUT	Unstoppable overwhelming force
JULIENNE	Cut into thin matchsticks
KERFUFFLE	Commotion over nothing much
KIBITZ	Offer unwanted advice while watching a game
KISMET	Fate
KOWTOW	Defer slavishly
KVETCH	Complain chronically
LACHRYMOSE	Tearful
LACKEY	Servile follower
LACUNA	Gap, as in a manuscript
LAGGARD	One who falls behind
LAMBAST	Criticize harshly
LAMBENT	Softly flickering, as a flame
LAMPOON	Sharp satirical attack
LANDLUBBER	Clumsy novice at sea
LANGUID	Listless and slow-moving
LARGESSE	Generous giving
LASSITUDE	Weary lack of energy
LEITMOTIF	Recurring musical theme tied to a character
LEONINE	Like a big cat with a mane
LEVIATHAN	Sea monster; anything enormous
LIBERTINE	One who lives without moral restraint
LIBRETTO	Text of an opera
LILTING	Rising and falling sweetly, as a voice
LIMPID	Perfectly clear, as a mountain pool
LINCHPIN	Vital element holding things together
LINGUAFRANCA	Common tongue between speakers of different ones
LISSOME	Supple and graceful
LITIGIOUS	Quick to sue
LOGGIA	Open-sided gallery
LOQUACIOUS	Chatty and voluble
LORGNETTE	Opera glasses on a handle
LOUCHE	Shady yet oddly appealing
LUDDITE	Opponent of new technology
LUGUBRIOUS	Mournful, often exaggeratedly
LUSTROUS	Gleaming with a soft sheen
MACHINATION	Crafty plot
MADELEINE	Shell-shaped sponge cake Proust wrote of
MADRIGAL	Unaccompanied part-song of the Renaissance
MAELSTROM	Powerful whirlpool; turmoil
MAGISTERIAL	Authoritative
MAGNANIMITY	Generosity of spirit toward rivals
MAGNANIMOUS	Generous in forgiving
MAGNUMOPUS	Masterwork
MAHJONG	Chinese game played with tiles
MAJORDOMO	Chief steward of a great household
MALADROIT	Inept and clumsy
MALAISE	Vague unease
MALAPROPISM	Comic misuse of a similar-sounding word
MALFEASANCE	Wrongdoing by a public official
MALIGN	Evil in nature or effect
MALINGERER	One who feigns illness to dodge work
MANCALA	Ancient board game of sowing seeds in pits
MANNERED	Artificial and affected in style
MANTILLA	Lace scarf worn over the head in Spain
MARQUETRY	Inlaid veneer patterns in furniture
MARTINET	Strict disciplinarian
MARZIPAN	Almond paste molded into candies
MAUDLIN	Tearfully sentimental
MAWKISH	Sickly sentimental
MELANGE	Mixture of varied elements
MELLIFLUOUS	Sweetly flowing, as a voice
MENAGERIE	Collection of wild animals
MENDACIOUS	Untruthful
MENDACITY	Habitual lying
MERCURIAL	Unpredictably changeable
MERETRICIOUS	Superficially attractive but cheap
METONYMY	Figure using "crown" for a monarch, e.g.
MIASMA	Noxious atmosphere
MILIEU	Social surroundings
MILLEFEUILLE	Pastry of many thin layers and cream
MINCING	Affectedly dainty, as steps
MINUTIAE	Small, trivial details
MIREPOIX	Diced onion, carrot and celery base
MISANTHROPE	Hater of humankind
MISCELLANY	Mixed collection of writings
MISCREANT	Wrongdoer or villain
MITOCHONDRIA	Energy-producing structures in cells
MIZZENMAST	Aftmost upright spar on a three-master
MODICUM	Small amount
MOLLIFY	Soothe the anger of
MOLLYCODDLE	Pamper excessively
MORAINE	Rock debris left by a glacier
MORDANT	Biting, as wit
MOROSE	Sullen and gloomy
MOUNTEBANK	Hawker of quack remedies; swindler
MULLION	Vertical bar between window panes
MUNIFICENCE	Lavish generosity
MUNIFICENT	Lavishly generous
MUSCOVADO	Dark, unrefined cane sugar
MYCELIUM	Network of fungal threads
NACREOUS	Pearly, like mother-of-pearl
NEBULOUS	Vague and ill-defined
NECROPOLIS	Large ancient cemetery
NEMESIS	Inescapable agent of someone's downfall
NEOLOGISM	Newly coined word
NEOPHYTE	Beginner; new convert
NEUTRINO	Nearly massless particle with no charge
NOCTURNE	Dreamy piano piece evoking night
NOISOME	Foul-smelling; offensive
NONPLUS	Perplex utterly
NONSEQUITUR	Conclusion that doesn't follow
NOSTRUM	Quack remedy; pet scheme
OBDURATE	Stubbornly unmoved
OBFUSCATE	Make deliberately unclear
OBFUSCATION	Deliberate muddying of meaning
OBLIQUE	Indirect; slanting
OBLOQUY	Strong public condemnation
OBSEQUIOUS	Overly obedient or attentive
OBSIDIAN	Black volcanic glass
OBSTREPEROUS	Noisy and unruly
OBTUSE	Slow to understand
OBVIATE	Make unnecessary
OEUVRE	Body of an artist's work
OFFICIOUS	Meddlesome and bossy
OLEAGINOUS	Oily; obsequious
ONEROUS	Heavily burdensome
OPALESCENT	Showing milky shifting colors
OPPROBRIUM	Public disgrace or scorn
ORACULAR	Solemnly prophetic or cryptic
ORATORIO	Sacred choral work without staging
ORECCHIETTE	Little ear-shaped pasta
OROTUND	Full-voiced and pompous
ORRERY	Clockwork model of the solar system
OSSIFIED	Rigidly set in its ways
OSSUARY	Container or room for bones
OSTENTATIOUS	Showy, designed to impress
OSTINATO	Persistent repeated musical phrase
OSTRACIZE	Shut out from a group
OTIOSE	Serving no practical purpose
OVERWEENING	Excessively arrogant
OXYMORON	Phrase pairing contradictory terms
PALAZZO	Grand Italian residence
PALISADE	Fence of pointed stakes
PALLIATE	Ease symptoms without curing
PALLID	Pale and wan
PANACHE	Flamboyant style
PANEGYRIC	Formal public praise
PANGLOSSIAN	Naively optimistic
PANOPLY	Splendid full array
PARALLAX	Apparent shift seen from different viewpoints
PARLOUS	Dangerously uncertain
PAROCHIAL	Narrowly local in outlook
PARSEC	Astronomical distance of about 3.26 light-years
PARSIMONIOUS	Extremely frugal
PARVENU	Upstart flaunting new money
PASTICHE	Work imitating another's style
PATHOS	Quality in art that stirs pity
PATINA	Green film on old bronze; sheen of age
PATISSERIE	French pastry shop
PATOIS	Regional dialect
PATRICIAN	Aristocratic
PAUCITY	Smallness of number
PEDANT	Stickler for petty details of learning
PEDANTIC	Fussily concerned with minor details
PEDIMENT	Triangular gable over a portico
PEEVISH	Irritable and fretful
PELLUCID	Translucently clear
PENTAMETER	Verse line of five feet, often iambic
PENTIMENTO	Trace of an earlier image showing through paint
PENUMBRA	Partial shadow around an eclipse's core
PENURIOUS	Desperately poor; stingy
PERAMBULATE	Stroll about
PERCIPIENT	Perceptive
PEREMPTORY	Insisting on immediate obedience
PERFIDIOUS	Treacherous
PERFUNCTORY	Done routinely with little effort
PERIGEE	Orbit point nearest Earth
PERIHELION	Orbit point nearest the sun
PERIPATETIC	Traveling from place to place
PERMAFROST	Arctic ground that never thaws
PERNICIOUS	Harmful in a subtle way
PERORATION	Concluding part of a speech
PERSNICKETY	Fussy over trifles
PERTINACIOUS	Stubbornly persistent
PETANQUE	French game of tossing steel balls
PETULANT	Childishly sulky
PHILIPPIC	Fiery denunciation in speech
PHILISTINE	Person hostile to culture and the arts
PHLEGMATIC	Unemotionally calm
PIEBALD	Patched in two colors, as a horse
PILASTER	Flat column set into a wall
PILFER	Steal in small, petty amounts
PILLORY	Expose to public ridicule
PINOCHLE	Card game played with a 48-card deck
PIQUANT	Pleasantly sharp or stimulating
PIZZICATO	Plucking of bowed strings
PLAINTIVE	Sad and mournful in sound
PLANGENT	Resonant and mournful
PLATITUDE	Trite remark offered as if profound
PLIANT	Easily bent or swayed
PLUTOCRAT	One who rules by virtue of wealth
POLEMIC	Strong written attack on an opinion
POLONAISE	Stately processional dance in triple time
POLTERGEIST	Noisy, mischievous ghost
POLYMATH	Person learned in many fields
POLYPHONY	Music of several simultaneous melodic lines
PONDEROUS	Heavy, slow and labored
PONTIFICATE	Hold forth pompously
POPINJAY	Vain, chattering fop
POPPYCOCK	Nonsense!
PORTCULLIS	Grilled gate dropped at a castle entrance
PORTEND	Be an omen of
PORTENT	Sign of something momentous
PORTENTOUS	Ominous; pompous
PORTICO	Roofed entrance supported by columns
PORTMANTEAU	Blend word like "brunch"; also a suitcase
POULTICE	Moist dressing applied to a sore
PRALINE	Nut-and-caramelized-sugar confection
PRESCIENCE	Foreknowledge
PRESCIENT	Seeing what is to come
PREVARICATE	Dodge the truth
PRIGGISH	Smugly self-righteous
PRIVATEER	Government-licensed pirate ship
PROBATE	Court process for validating a will
PROBITY	Strict honesty
PROBOSCIS	Long flexible snout
PROFITEROLE	Cream-filled choux pastry ball
PROFLIGATE	Recklessly extravagant
PROGENITOR	Direct ancestor; originator
PROLIX	Tediously long-winded
PROMONTORY	High point of land jutting into the sea
PROMULGATE	Proclaim officially
PROPITIATE	Win over by appeasing
PROPITIOUS	Favorable
PROSAIC	Dull and matter-of-fact
PROSCRIBE	Forbid by law
PROSELYTE	New convert to a faith
PROTEAN	Readily taking many forms
PROVENANCE	Place of origin; ownership record
PROVISO	Condition attached to an agreement
PROVOCATEUR	One who stirs up trouble
PUCKISH	Impishly mischievous
PUERILE	Childishly silly
PUGNACIOUS	Combative
PUMPERNICKEL	Dark, dense rye bread
PUNCTILIOUS	Showing great attention to etiquette
PURLOIN	Steal, in formal speech
PURVIEW	Scope of authority
QUANDARY	State of uncertain dilemma
QUATRAIN	Four-line stanza
QUERULOUS	Complaining and whiny
QUIESCENT	Dormant and still
QUIXOTIC	Idealistic to an impractical degree
QUORUM	Minimum attendance needed to do business
RACONTEUR	Skilled teller of anecdotes
RAFFISH	Disreputable in a dashing way
RAISONDETRE	Justification for existing; purpose
RAKISH	Devil-may-care, as a hat's tilt
RANCOROUS	Bitterly resentful
RANKLE	Cause lasting resentment
RAPACIOUS	Greedy and grasping
RAPSCALLION	Mischievous rascal
RATATOUILLE	Provencal vegetable stew
RAUCOUS	Loud and harsh
RECALCITRANT	Uncooperative
RECANT	Publicly take back, as a statement
RECAPITULATE	Sum up the main points
RECIPROCATE	Return in kind
RECITATIVE	Speechlike singing in opera
RECONDITE	Obscure and profound
RECONNOITER	Scout ahead
RECTITUDE	Moral uprightness
RECUSE	Step aside from a case, as a judge
REDOLENT	Fragrant; strongly evocative
REFECTORY	Dining hall in a monastery
REFRACTORY	Stubbornly unmanageable
REFULGENT	Shining brightly
REGALE	Entertain with lively tales
REGALIA	Emblems and finery of royalty
RELIQUARY	Container for a saint's remains
REMISS	Careless about duty
REMONSTRATE	Protest forcefully
REMOULADE	Mayonnaise-based sauce with pickles and herbs
RENEGE	Back out of a promise
REPROBATE	Unprincipled scoundrel
REPUDIATE	Reject as untrue or unauthorized
REQUITE	Repay in kind
RESCIND	Revoke, as an offer
RESPLENDENT	Splendid in appearance
RESTIVE	Fidgety and impatient
RETICENT	Disinclined to speak freely
RHAPSODIC	Ecstatically enthusiastic
RHIZOME	Horizontal underground stem
RIGMAROLE	Tedious, drawn-out procedure
RIPOSTE	Fencer's return thrust; a quick retort
RISIBLE	Laughably absurd
ROCOCO	Elaborately ornamented
ROULADE	Rolled slice of meat with a filling
RUBICUND	Ruddy-faced
RUEFUL	Sorry in a wry way
RUMINATIVE	Deeply thoughtful
SACCHARINE	Overly sweet
SAGACIOUS	Keenly wise
SALIENT	Most noticeable or important
SALLOW	Sickly yellow in complexion
SALUBRIOUS	Health-giving
SALUTARY	Beneficial, if not always welcome
SAMOVAR	Russian tea urn
SANGFROID	Coolness under pressure
SANGUINE	Cheerfully optimistic
SAPIENT	Wise, or affecting wisdom
SARCOPHAGUS	Stone coffin
SARDONIC	Grimly mocking
SATURNALIA	Period of wild revelry
SATURNINE	Gloomy and taciturn
SAUTERNES	Sweet white Bordeaux dessert wine
SAVANT	Learned person; scholar
SAVOIRFAIRE	Social polish
SCALAWAG	Rascal, also spelled with a "y"
SCHERZO	Playful, quick movement
SCHLEMIEL	Chronic bungler
SCHMALTZ	Cloying sentimentality
SCHMALTZY	Excessively sentimental
SCOFFLAW	Habitual flouter of rules
SCREED	Long, ranting piece of writing
SCRIMSHAW	Carved whalebone or ivory art
SCURRILOUS	Slanderous and abusive
SCUTTLE	Sink on purpose, as a ship
SEDULOUS	Diligent and persevering
SEEMLY	Proper and fitting
SEERSUCKER	Puckered cotton for summer suits
SEMAPHORE	Signaling with flags held at angles
SENESCENT	Growing old
SENTENTIOUS	Given to moralizing
SEPULCHRAL	Gloomy and tomblike
SEQUESTER	Isolate, as a jury
SERAPHIC	Angelically serene
SERENDIPITY	Happy accident of discovery
SERFDOM	Bondage of peasants to the land
SERPENTINE	Winding like a snake
SERVILE	Excessively eager to obey
SEXTANT	Navigator's tool for measuring star angles
SFUMATO	Soft blending of tones without hard lines
SHANGRILA	Imaginary earthly paradise
SHUFFLEBOARD	Deck game of sliding discs with cues
SIBILANT	Making a hissing sound
SIBYLLINE	Prophetic and mysterious
SINECURE	Cushy post with few duties
SINUOUS	Winding and curvy
SIROCCO	Hot dusty Mediterranean wind
SKITTISH	Nervous and easily spooked
SKULDUGGERY	Underhanded scheming
SKULLDUGGERY	Underhanded dealings
SLOVENLY	Messy and careless
SLUGGARD	Habitually lazy person
SMARMY	Oily and ingratiating
SMORGASBORD	Lavish buffet; varied assortment
SOBRIQUET	Nickname
SOJOURN	Temporary stay
SOLECISM	Grammatical error or breach of etiquette
SOLICITOUS	Showing concern
SOLIPSISM	View that only the self surely exists
SOMMELIER	Restaurant's wine steward
SOMNOLENT	Drowsy; sleep-inducing
SONOROUS	Deep and full in sound
SOOTHSAYER	Fortune-teller
SOPHISTRY	Clever but deceptive reasoning
SOPHOMORIC	Pretentious but immature
SOPORIFIC	Causing sleep
SORDID	Squalid or morally base
SOUBRETTE	Pert maidservant in comic opera
SOUPCON	Tiny trace or hint
SPECIOUS	Plausible but false
SPECTRAL	Ghostly
SPINET	Small harpsichord
SPLENETIC	Bad-tempered and spiteful
SPOONERISM	"Tons of soil" for "sons of toil," e.g.
SPURIOUS	Fake or falsely reasoned
SQUALID	Filthy and wretched
SQUANDER	Spend recklessly
STACCATO	Clipped and abrupt, as notes
STALWART	Loyal and dependable
STEEPLECHASE	Race over hedges and water jumps
STENTORIAN	Very loud
STEVEDORE	Dockworker who loads ships
STILTED	Stiff and unnatural, as dialogue
STIPULATE	Specify as a condition
STOICAL	Enduring hardship without complaint
STOLID	Impassive and unemotional
STRATUM	Layer of rock or society
STRIATED	Marked with parallel lines
STRIDENT	Loud and grating
STULTIFY	Render dull and ineffective
STYMIE	Thwart
SUBLIMATE	Pass from solid straight to gas
SUBLIMATION	Change from solid straight to gas
SUBORN	Induce to lie under oath
SUBPOENA	Order to appear in court
SUBSUME	Absorb into a larger category
SUBTERFUGE	Deceptive stratagem
SUPERCILIOUS	Haughtily disdainful
SUPINE	Lying face up; passive
SURFEIT	Excessive amount
SVELTE	Slender and elegant
SYBARITE	Lover of luxury and pleasure
SYBARITIC	Fond of luxury
SYCOPHANT	Fawning flatterer
SYCOPHANTIC	Flattering servilely
SYLLOGISM	Deductive argument from two premises
SYMBIOSIS	Mutually beneficial partnership of species
SYNAPSE	Junction between two nerve cells
SYNECDOCHE	Figure where a part stands for the whole
SYZYGY	Alignment of three celestial bodies
TABARD	Herald's sleeveless tunic
TABLEAU	Striking living scene or group
TACITURN	Habitually silent
TAFFETA	Crisp, lustrous fabric for ball gowns
TAPENADE	Provencal olive and caper spread
TAUTOLOGY	Needless repetition of an idea in other words
TAWDRY	Cheap and gaudy
TELEOLOGY	Explanation by purpose or end
TEMERITY	Reckless boldness
TEMPORIZE	Stall to gain time
TENUOUS	Thin and weak, as a link
TERCET	Three-line verse unit
TERRINE	Coarse pate cooked in an earthenware dish
TERROIR	A vineyard's soil and climate, as tasted
TESSERACT	Four-dimensional cube
TETEATETE	Private conversation between two people
TIDDLYWINKS	Game of flipping small discs into a cup
TIMBRE	Tone color of a voice or instrument
TIMOROUS	Fearful and timid
TINCTURE	Medicinal extract in alcohol
TITRATION	Lab method for finding a concentration
TOPGALLANT	High sail on a square-rigger, third tier up
TORPID	Sluggish and inactive
TORPOR	Sluggish inactivity
TORTUOUS	Full of twists and turns
TOUCHSTONE	Standard for judging quality
TRACTABLE	Easily controlled
TRANSEPT	Crossing arm of a cruciform church
TRATTORIA	Casual Italian eatery
TRAVESTY	Grotesque imitation; mockery
TREACLE	British syrup akin to molasses
TREACLY	Excessively sweet or sentimental
TREMULOUS	Shaking slightly
TRENCHANT	Incisive and keen
TRIREME	Ancient galley with three banks of oars
TROMPELOEIL	Painting so realistic it seems three-dimensional
TRUCULENT	Eager to fight
TRUFFLE	Prized fungus sniffed out by pigs or dogs
TRUISM	Self-evident statement
TURBID	Cloudy, as muddy water
TURGID	Swollen; bombastic in style
UNCTUOUS	Excessively smooth and flattering
UNGAINLY	Awkward and clumsy
UNGUENT	Soothing ointment
UNTOWARD	Unexpected and improper
UNWONTED	Unusual or unaccustomed
UPBRAID	Reprove sharply
URBANE	Smoothly courteous and polished
USURPER	One who seizes a throne wrongfully
UXORIOUS	Overly devoted to one's wife
VACILLATE	Waver between options
VACILLATING	Wavering
VAINGLORIOUS	Boastful
VARIEGATED	Multicolored
VASSAL	Feudal tenant owing loyalty to a lord
VEHEMENT	Forceful and passionate
VELLUM	Fine parchment from calfskin
VERACIOUS	Truthful
VERBIAGE	Excess of words
VERDANT	Lush and green
VERDIGRIS	Green-blue coating on copper
VERMILION	Brilliant red
VERNAL	Of springtime
VESTIBULE	Entrance hall or lobby
VESTIGE	Remaining trace
VIBRATO	Pulsing variation in pitch
VICHYSSOISE	Chilled leek and potato soup
VIGNETTE	Brief evocative scene or sketch
VILIFY	Defame
VILLANELLE	Nineteen-line poem with two refrains
VINTNER	Wine merchant or winemaker
VIRTUOSO	Performer of dazzling skill
VISCOUS	Thick and slow-flowing
VITREOUS	Glasslike
VITRIOL	Caustic criticism
VITRIOLIC	Filled with bitter criticism
VITUPERATIVE	Bitterly abusive
VOCIFEROUS	Clamorous
VOLUBLE	Speaking readily and at length
VULPINE	Foxlike; crafty
WAGGISH	Playfully witty
WAINSCOT	Wooden paneling on a wall's lower part
WANDERLUST	Strong urge to travel
WASTREL	Idle good-for-nothing
WHEEDLE	Get one's way by persistent coaxing
WIMPLE	Nun's headcloth framing the face
WINDLASS	Winch for hauling up an anchor
WINNOW	Sift out, as chaff from grain
WINSOME	Charmingly appealing
WIZENED	Shriveled and wrinkled with age
WOEBEGONE	Looking sorrowful
WRAITH	Ghost
WUNDERKIND	Child prodigy
YARDARM	Tip of a spar on a square-rigged ship
ZEITGEIST	Spirit of the age
ZEPHYR	Gentle west breeze
ZIGGURAT	Stepped Mesopotamian temple tower
